1,enjoyed those that didn that your opinion and experience but for and friends went with liked disappointed finding out about the act changes that would have mirrored the source material more sounds like was outside the director control 
2,and discuss men dark phoenix and the rise and fall the beloved franchise the marvel mutants exit stage left join the mcu 
3,even cosmic space gods need break this the last the series for for now you can order your own 
4,big shoutout for hopping this week bonus episode the podcast break down and other summer movies check out the full here 
5,doctor strange beat jean grey timeline battle marvel future fight tamil 
6,jennifer lawrence stealing the spotlight black dior gown the premiere 
7,loved and the rest the cast were amazing good job 
8,dark phoenix men cosplayer photographer edition tweet original 
9,ravennnnn  
10,"vfxworld
vfx supervisor phil brennan describes the making jean grey’ read you will learn lot interesting details "
11,how watch maleficent mistress evil online free 123 movie 2019 free dvdrip usa eng subs maleficent mistress evil 2019 full movie watch online free 123 movies online maleficent mistress evil 2019 
12,absolutely kill her role storm 
13,not bad film 
14,afraid love sometimes  jrob 
15,ladies always love the thrill  jrob 
16,super woman likes her blond hair  jrob 
17,super man loves red headed women and blonds and brunettes and  jrob 
18,great news men dark phoenix 2019 bluray confirm with hindi will release this september 
19,she just red headed woman  jrob 
20,the way love goes and goes and goes  jrob 
21,not just good one the best just have ignore the fucked timeline that nobody seemed care about all just stand alone tale hero and her family good 
22,features one the most interesting characters the men universe but doesn know what with her story 
23,they finally bring the characters the 3rd act fruition storm does things she has never done night crawler too cyclops has more optic blasts than all the other movies combined don’ dislike mcu films the last stand ugh
24,none photos captured the awesomeness eyeshadow though that shit was gorgeous got this color called torch that shit was the fire been missing blended sangria lions eye beautifully 
25,gonna tie these one another because they establish the best idea  for the season don’ feel ’ “dry wit” despite the sunset ritual that sounds very druid indeed constantinople ish 
26,our past may explain why suffering but must not use excuse stay bandage photography alyssarking hellsfireclub … 
27,checkout review dark phoenix 
28,join the men tonight 7pm for the jean grey origin story dark phoenix 
29,check out please like subscribe and retweet 
30,after mins work straight 
31,friday the palace first 4pm have the musical fantasy rocketman about the life elton john then 7pm the men return with the origin story dark phoenix 
32,work progress 
33,trailer for xmen played before the cinema this evening and honest god had already forgotten ’ seen like did podcast and everything far from home was superb though
34,way better than expected and absolutely nails few things great men mutant action does right cyclops fav mine does what she needs the end think ’ way misaligned and fitting end the fox era see 
35,given the film’ title ’ shame they didn’ show more the cosmic force phoenix 
36,love this look and when wears black clothes general  2019 
37,your opinion good film 
38,know just don reboot all just fine end now let not and make more movies like 
39,texture can change lot concept design from dark phoenix 
40,the most unrealistic thing about that able bodied man 1975 would ever let his wife drive the car 
41,yes that better forget the tsunami even happen 
42,with the release director simon kinberg endeavors right the wrongs men the last stand taking second stab classic comic book storyline 
43,tgif never afraid boogie  jrob 
44,tgif boogie that red headed woman blues  jrob 
45,tgif super woman trailer boogies  jrob 
46,coming real soon super woman  jrob 
47,tgif super man  jrob 
48,tgif boogie friday peeps get back you  jrob 
49,after think was hung then burst into atoms 
50,’ still sure men was cancelled when they were bought because sney couldn’ handle their three most powerful characters being strong women 
51,heading gaslighting talk hour hope see you there 
52,the latest features great conversation from last month where and talked chris claremont about and much more 
53,was the the universe may the epilogue like there shouldn have been movie after that shouldn have been released 
54,nah the spite its constrained production still manages pull off good story which way better more substantial than and jean grey has more character than 
55,live age screen superheroes thanks the men 
56,finally saw the 2019 and can now say was not the worst comic movie this year the special effects were not special looks like they were done ps1 they went for the fant4stic throne worst all time comic film save your time and get root canal 
57,want original movie don’ understand why delet scene 
58,the flip side have which feel pretty underrated already was solid 
59,for today’ theme went with men ✖️ 
60,child light darkness  
61,listen here please like subscribe and retweet 
62,did you miss interview with  she talked all about and her relationship with  listen the chat here 
63,set fascinating more than ever ❤️ gif niralamba 
64,win amc theater gift card enter here 
65,great interview with mpc vfx supervisor greg butler for  
66,cbr are known for making outlandish claims just endeavour not follow suit for the movie ’ waiting for the dvd 
67,did you miss interview with  she talked all about and her relationship with  listen the chat here 
68,did you miss interview with  she talked all about and her relationship with  listen the chat here 
69,did you miss interview with  she talked all about and her relationship with  listen the chat here 
70,did you miss interview with  she talked all about and her relationship with  listen the chat here 
71,friday that means all you lucky people get see another review this week men dark phoenix have great weekend everyone 
72,vote for aka awards 2019
73,new and photographed  fassy  
74,how much the bad press does deserve here review 
75,indeed dont give damn about box office people will like blu ray was teenager and for the first time saw the trilogy dvd liked the movies right away the visuals looked good with storm she got the most out simon great cgi 
76,not bad actually well made film spite obviously being limited budget fact way better than jean grey way better more substantial anti hero than 
77,not bad actually well made film spite obviously being limited budget fact way better than jean grey way better more substantial anti hero than 
78,the saga writer tells why the comic still relevant years his memories working with and what challenge faces superhero movies today 
79,thank you luv  src nicholas hoult 
80,don afraid love everybody  jrob 
81,here comes that super man  jrob 
82,time dream super woman trailer  jrob 
83,don feel like this one best works honest had that pic aqua meme material folder for while and wanted get rid 
84,this week came from the radio and mark discuss the new movie spoilers may and most likely will mentioned 
85,check out please like subscribe and retweet 
86,anyways the inconvenienced mode 
87,the movie dark phoenix released june 2019 and based also one these films you should not let pass without… 
88,believe not the last stand still better than men the last stand commentary track via 
89,believe not the last stand still better than men the last stand commentary track via 
90,thinking about the main problem with that movie the villain they should have either done reverse and make the shiar seem like heroes first get rid them completely and make jean the main baddie make chastain character more 
91,this movie was like poo but not like satisfying poo more like constipated poo 
92,when are going get the song sung dazzler 
93,ep145 spoilers 
94,hate break this you was actually good all just mean but also mystique deserved better 
95,listening the about the fact they bash apocalypse hilarious but having channel last night they are right 
96,dark phoenix 2019 breaking timelines 
97,they should only release men vhs
98,omg first magazine cover and will have new men sooooo excited 
99,"don see this movie sandro just lazy writing josh lasers pew pew alex
these are just some things you hear our review "
100,the dark phoenix was terrible film was incredibly disappointed the choices they made made detailed blog post sharing full thoughts the film check out full thoughts the dark phoenix 
101,super woman trailer believes super man  jrob 
102,super man believes justice  jrob 
103,hopefully future realizes god better back boy with some serious powers for boy not overwhelmed recommend 
104,merger happened march 20th that time fox social media for alita went silent until april 10th director simon kinberg says fox marketing people were leaving their jobs and they talked different people each time they stopped marketing alita mid run 
105,couldn have come time where relate the title character more like scary 
106,the june mailbag here mistakes were made lot mistakes avoidable mistakes 
107,and are now theaters and ’ proud highlight some the alumni who worked these blockbuster movies 
108,what with all the fridging awesome female characters lately black widow raven nora zari and now lyta like what going 
109,are any you watching 133 pages into the book impulse buy before seeing wondering the show even remotely this beautifully obscene 
110,think she talking about love her sooo much psykeeeee 
111,now stock mini egg attack previews exclusive mea 009 
112,"starring directed trailer released
watch here  click follow for more updates "
113,they right fear 
114,superhero 
115, she all fire and rage  finally got around doing dark phoenix look 
116,dark phoenix flops harder than fantastic four 
117,the saga writer tells why the comic still relevant years his memories working with and what challenge faces superhero movies today 
118,yall finally watched 
119,men men men days future past men apocalypse 
120,even the figure looks better than the movie 
121,had make this before went sleep 
122,people have stopped talking about the incredible after and release read our review the link below 
123,"spoke chris claremont who wrote the saga for marvel comics years ago about why adaptations are still popular his memories working with stan lee and why superhero movies today aren suspenseful
"
124,the saga writer tells why the comic still relevant years his memories working with and what challenge faces superhero movies today 
125,side note has anyone else noticed trend general whether that lets give both movies the benefit the doubt just are movies general becoming lot darker than they used mean movies rated always have 
126,but really why the hate actually the way better than mcu better than way better more substantial anti hero than 
127,never afraid fall love  jrob 
128,now and then still want her  jrob 
129,coming soon version california dreamin  jrob 
130,have idea how the fact that was kept from 
131,you gotta love the road  jrob 
132,coming soon somewhere stay tuned  jrob 
133,coming soon out mind  jrob 
134,here comes red now  jrob 
135,she red headed woman  jrob 
136,round and round that all know  jrob 
137,coming soon super woman  jrob 
138,don forget super woman trailer  jrob 
139,and well super man  jrob 
140,give listen anytime get back you  jrob 
141,losing you not  jrob 
142,won you mine  jrob 
143,his isht still gettin spins great emcee 
144,wrote about how spoilers are actually being used the benefit marketing and promotions the geek world 
145,went see was basically budget infinity war she thanos snapped everyone into dust 
146,knew still had another somewhere did this one for the just released 2019 marvel flair set from 
147,that would crazy but would too soon after that last stinker the 
148,women mutant and proud 
149,win amc theater gift card enter here 
150,might bit reach but far the low ratings for going into feel like like one watching they know getting rebooted heyman bischoff reboot 
151,"phoenix
makeup photo edited … "
152,holly got more scared and tense watching than watching this show good the young cast and their dynamics are excelent this what men prequels and new mutants should have been like 
153,legi⊗ amazing best adaptation ever far could have been great showdown but  
154,huge jessica chastain fan love her movie watched while people say sucked they could worked the script the cast was grat but the script not much
155,think would have benefited from some cameos tbh know was impossible but can dream plus can turn invisible 
156,dark phoenix 2019 read movie reviews link 
157,course 
158,when the phoenix takes over photos the amazing 
159,waiting dark pheonix release digital next movie wasn that bad 
160,michael fassbender the first class 2011 and 2019 premieres crying ❤️ 
161,dark phoenix apple podcasts other platforms 
162,"
now available online ☝️☝️☝️tap purchase ☝️☝️☝️
•
•
• @ madpoppin "
163,who jean grey much darker force 
164,disney’ for very hush hush the kind studio does when they know film bad drama nyana 
165,movie review dark phoenix potential spoilers 
166,summer heat officially here what better way celebrate but share our recent work from dark phoenix the next days summer are sharing daily concept designs with you from the film 
167,check out please like subscribe and retweet 
168,lies coming from place hatred and still playing 
169,even isn’ great film feel does decent job acting unofficial finale the main movie franchise together with logan least that what feels like singer was trying just goes into thread territory 
170,for 
171,for from 
172,was amazing 
173,powers can create but also burns inside vulnerable weak but also strong and pride sometimes destructive sometimes wise always fall and always rise  
174,the june 2019 edition here the guys talk and more listen wherever you get your 
175,movie date with boo 
176,crazy believe years the date saw first and last men film theatres 
177,was superior movie fantastic four every way and shame made less money than that mess film dark phoenix will have cult fan base when comes out home media the coming years bad press killed and sad 
178,just saw jeremy jahns review spider man far from honorable and had seen his review dude you can compliment the new spidey movie spider man that over cgi and suit that takes out his movies 
179,but made more money than fantastic four tho and was way better  
180,dull and simply unnecessary end the legendary saga and ’ legacy would probably better never existed the true end this franchise ’ potential never got realised wouldn’ bother with this one 
181,dark phoenix apple podcasts other platforms 
182,honestly enjoyed 
183,which 3rd installment the 1st trilogies the best blade ❔ ❓ covering the very same arc having been released recently also 2018 2019 films bring these gems 2006 2007 
184,dark phoenix jean grey men cosplayer photographer tweet original 
185,sophie turner jean grey dark phoenix was one her best performances don’ fight this 
186,was really good deserves more credit than ’ getting forreal
187,june bloody awesome movie podcast here and discuss and more 
188,"phoenix rises 


 "
189,you’ never done the magneto arms when you find yourself alone elevator going you just aren’ living yet 
190,can all thank fox and kinberg for this its all their fault because their vision the men even since first class cool that movie was 
191,still not seen the movie but want the funko 
192,finishing dark phoenix with some white pencil 
193,dark phoenix apple podcasts other platforms 
194,the original best superhero movies both 2nd installments which one the best ❔ ❓ they also both have dashes the title they have lot common mine 100 best cbm the 2000 opinion 
195,not great afraid 
196,xmen film series after watching ‍♂️
197,watching tonight made remember how much love ❤️
198,did more than the other films
199,"thank god didn spend money watch was just ridiculous the standards previous movies
"
200,bad movie night burbank 
201,been seeing stuff about how isn doing well mean maybe cause this movie had been done before diff cast and story line but still the same jean goes bad plot just thought 
202,some more crossover emma frost and cyclops and colossus 
203,okay finally watched xmen and boy was bad
204,disappointing average much fun awful goat wasted potential smh holy shit 
205,super woman trailer lonely tonight  jrob 
206,super man not afraid  jrob 
207,when comes love afraid  jrob 
208,hands down did more this movie than all the others combined 
209,can say the film sucks and interestingly enough can talking about separate films yet don need specific which one both attempts were trash 
210,this correct did bring something different the genre extremely low return investment movie was garbo 
211,put ffh fav mcu spidey flick but ’ barely not top three overall but plan see for 7th time sometime this week weekend only one theater still playing and far from home for 4th 
212,unpopular opinion didn’ enjoy far from home much everyone else did completely agree with you that was more exciting 
213,domestic theater count now down 426 you haven’ seen the finale the big screen you want see again you may want now before ’ gone 
214,was solid movie but comparing and spider  not really apples apples 
215,that being said mysterio was perfect just predictable and hardly used his extent like spidey himself came out thinking watch again couple years but has yearning 
216,saw twice too last men movie and the story jean was told nicely rush full room sophie killed 
217,men since kitty was trying outfits day but not good movie sorry 
218,leaving spider man far from home spidey and fan honestly thought was way better and brought something different the genre tired stark’ presence looming over peter and holy vfx overload did enjoy the scenes between holland and zendaya tho ‍♂️
219,2019 comic book movie best worst far 
220, should story about relationships and power not the cosmic heavy fight scene that seems hellbent delivering 
221,what about mikkel was ist mit mikkel 
222,looks like the worst modern xmen may better the than  459 dark phoenix 245 budget 200m keep mind fans were expecting movie like dark phoenix suffered from bad reviews release
223,wasn’ perfect movie but you ignore the uncanny xmen phoenix saga comics ’ enjoyable movie watch not bad for 1st class’ version the xmen should been movies the story should been woven into other movies creating universe mutants 
224,nooooooooooo the worst all time the most hated catwoman hasslehoff’ nick fury even generationx all better than fant4stick just can’ suffer the box office because bad initial reviews worse than f4s just can’ 
225,instagram showing this love the dark phoenix cast 
226,super man loves tuesday  jrob 
227,here 2nd version trailer super woman coming very soon  jrob 
228,ron howard once mistook his daughter bryce for jessica chastain 
229,you will all missed these roles not what the critics say had some issues but not trash 
230,will end its run jennifer 9th highest grossing movie with worldwide just ahead american hustle 
231,interesting was really looking forward seeing but decided save after seeing all the reviews have check out some point 
232,really killed their roles the performances this franchise even the movies have missed their marks some spots will def missed could literally watch fass play for hrs straight 
233,really wanted put the mars the test results did not disappoint 
234,finally watched and wasn nearly bad ppl say think will great rewatch should good streaming since most skipped theaters had some problems with story but acting was point action was beautiful solid 
235,the disaster and grim warning rowling franchise via 
236,sure would have been cool had been about the men dealing with the tragedy loved one sudden brain injury altering their personality and making them homocidally violent instead about professor being douche 
237,thought was more interesting story godzilla was fine far pure spectacle goes lego was extremely meh wasn fan the first one while was good but felt like mcu film featuring spidey opposed film 
238,dark phoenix expected bigger flop than 2015 fantastic four screen rant 
239,"“jean you’ everything necessary the air breathe ” photo 
edit  "
240,this tuesday’ morning commute brought you episode 302 skipped 302 due length will listen later agree with wasn’ terrible ’ give solid then tried catch some episode 164 not finished 
241,movies are flops when they make times more than they cost the opening weekend okay there capitalism calm down bit earning back the budget means everyone gets paid doesn seem like flop 
242,"dark phoenix flops harder than fantastic four
"
243,post giving the mans july episodes listen have wonder what the gang would have made the dying light the fox chise guess ’ never know  
244,because the lead actress there are surely lots talented women out there 
245,how many went the movies thinking wow this movie looking great movies like and sucked and wasnt the actors fault was the director and script
246,week 121 join the guys they discuss 
247,will likely end bigger bomb than josh trank 
248,firing jane 
249,here super woman trailer  jrob 
250,her persona still remains the strongest hero villain the comic universe matter the movie reviews for both versions 
251,about watch this movie get nerd 
252,super woman trailer dream  jrob 
253,super man loves dream  jrob 
254,between and this the year making xavier look like asshole 
255,the 2015 did better than jeez didn think this was possible 
256,unlike how many superhero fan charlatans slam this film the despite its prod constraints actually well made film still holds resounding story way better than 
257,here top far for 2019 
258,going there with gabby and charles between this and 2019 the year xavier being trash  
259,saw and ’ glad caught the big screen great emotive performances messers mcavoy and fassbender always and seized her time shine the lead role 
260,welp set bigger flop than also  
261,the avenger that ruined dark phoenix 
262,today countdown the top director cuts want see ‍♂️ ‍♂️ 
263,features one the most interesting characters the men universe but doesn know what with her story 
264,aaaaahahah the theater employee had wait for stop crying and collect myself before she could work she told she understands and ’ okay  ended talking about spider man see 
265,bombed harder than 2015 fantastic four 
266,dark phoenix flops harder than fantastic four fant4stic 
267,not really attire post but here’ take this lee wardrobe malfunction thought was cute but dark phoenix take  
268,check out please like subscribe and retweet 
269,woke plays across platforms  thank you much everyone who took the time out their day listen episode hope you stick with for episode out this friday 
270,moves along fits and jumps something always happening but the story barely moves does come back with classic men action sequences and few visual effects are quite amazing 
271,just remembered was thing man modern men movies have been forgettable 
272,hans just awesome his soundtrack underrated and deserves all the love
273,the june mailbag here mistakes were made lot mistakes avoidable mistakes 
274,dark phoenix men glow the dark funko pop quick look via 
275,whether you like fox not whether you even liked not this just disappointing the end this franchise deserved better 
276,fave men 
277,lawd  likely will end bigger box office bomb than josh trank’ 
278,men has only made million budget million that’ barely enough pay off catering 
279,she fucking queen 
280,agree that there are some things like about and sophie turner one them she carries the weight this movie her shoulders she does commendable job depicting the anguish jean going through download episode hear more  
281,personally don’ understand this thought was much better than fant4stic 
282,survey says yuck  dark phoenix apple podcasts other platforms 
283,avengers endgame life size replica the worn the final act 
284,they saying bigger box office bomb than that terrible movie 
285,will posting full rundown hint joker better than wuaqeen 
286,here our latest video dark phoenix amazing out now via 
287,was actually pretty nice obvs way different frm orig comic but only know wikipedia summary liked this variation 
288,enjoyed and 
289,ain gonna lie was better than 
290,slow but surely rising july 
291,super man searching for his super woman  jrob 
292,dark phoenix bombed harder than 2015 fantastic four ➡️
293,bombed harder than 2015 
294,this how monday @ kfmb stations 
295,the world falls love with you when you are who you are 
296,finally off see 
297,very excited for 355 but are you guys planning for extended cut because looking forward 
298,want know what marvel studios head kevin feige had said marvel phase click the link below 
299,ill take things all saw coming for alex 
300,was excited see the the previews looked great soon heard had social justice element the film gave seeing sad 
301,flop the film expected earn million worldwide behind the lowest grossing men film which was the very first was also pulled from half its theaters make room for the release source forbes 
302,survey says yuck  dark phoenix apple podcasts other platforms 
303,because kevin feige put his nose the making you have been the cinema cut otherwise wanted see your character 
304,when saw jean grey making professor walk 
305,when you pump out many time why bother making them unique  
306,you were playing colossus some other character was looking forward for your appearance 
307,men bigger flop than fantastic four reboot 
308,’ hardcore xmen fan especially jean grey who often dress for halloween and after watching last night was confused because why were there goblins involved 
309,with the release the timeline became even more convoluted contributor tackles the franchise needlessly complicated continuity and tries make sense 
310,funko men hot topic exclusive dark phoenix pop review via 
311,fan your version colossus thought you were working but couldn find you were you being cut out what role were you playing curious 
312,poor  
313,tune latest episode joins guest talk about the film and the rest the franchise  
314,the new episode movie marathon with mark and robin review and compare 
315,survey says yuck  dark phoenix apple podcasts other platforms 
316,"some men the works soundtrack •
• "
317,did have role  
318,dark ios theme for any xiaomi device which are runs miui any version 
319,there’ like odd years ‍♀️between and days future past and somewhere this cooked time line not only does jean somehow have come back down from space 
320,"men dark phoenix 2019 cast crew
dark phoenix 2019 watch "
321,team marvel womens are very strongest ✨⚡️ 
322,@ london united kingdom 
323,coming today have reviews and the latest episode plus news the weekend and more 
324,far opinion the best movie ever think hands down the most powerful add she becomes even more powerful the best jean grey ever 
325,hollywood fox failure the audience sequel tired audience delivers record million opening bad movie bad movie bad actors means blockbuster 
326,she the red headed woman  jrob 
327,      
328,coming soon super woman trailer  jrob 
329,"won long coming soon super woman
 jrob "
330,thay called him super man  jrob 
331,red told was her loving light  jrob 
332,for moment the goddess masque slips – and jean grey’ face shatters with grief that transcends thought but the moment passes the humanity fades – perhaps forever – and only remains she reaches for the sky summoning the lightning laughing 
333,join and for chat about 
334,marvel has done again was success
335,believe not will likely end bigger box office bomb than josh trank 
336,this just sad 
337,’all really tried say that isn’ bad the critics made out wow 
338,listen presents still the air the fox men film legacy 
339,listen presents still the air the fox men film legacy 
340,totally forgot this thanks begrudgingly watched and holiday bonus did too plus our here wherever you get  
341,believe not will likely end bigger box office bomb than josh trank 
342,wasfye
343,episode 136 lets put bomb movie 
344,"men dark phoenix 2019 cast crew
dark phoenix 2019 watch "
345,with the reel geeks review being delayed due technical issues mike scrounged this gem from the unused footage from their tide everyone over until the newest reel geeks episode complete 
346,and were probably the best movies seen 2019 far
347,talking about mary sue was bit meh really loved this line 
348,also congrats and their wedding all looked fantastic and hope your story lasts long long time and stronger than jean grey because damn lol love you all out now everywhere watch the doc amazon 
349,this week talk all about and more reviews and 
350,expoville 
351,quietly passed movie milestone this week via 
352,talks bild june 2019 
353,anyone have this version and what you think paperback book 
354,this the men poster for 
355,since was total dud think only fair that show every movie for the next years 
356,watched opening night and have been waiting for the review for this movie side note can you even find theatre that screening 
357,well you’ amazing the dark phoenix movie  
358,this sign the end times passing overhead 
359,believe not will likely end bigger box office bomb than josh trank 
360,118 dark phoenix review 
361,having movie streak this week and tomorrow then tuesday always say going try and keep with movies and never 
362,better mutant killer than the sentinels 
363,everybody should have red headed woman  jrob 
364,oracle bio bio timelines paradoxes merge proof cloud populations herd mentality ephors oracles universe seeding 
365,never afraid give your all with love  jrob 
366,listen presents still the air the fox men film legacy 
367,listen presents still the air the fox men film legacy 
368,super man loves his super woman  jrob 
369,super woman loves the team  jrob 
370,"just made 000 its weekend just 637 317 usa bad times for the mutants 
"
371,"awesome shot dark phoenix from anime los angeles⁠
•⁠
suit made castlecorsetry ✂️⁠
•⁠ … "
372,end its box office run bigger bomb than fantastic four 
373,didn hate probably better than apocalypse 
374,last week finally got around seeing again nothing was missing the movie wasn’ bad all coming off the avengers hype think was judging little too harshly 
375,this would have been cool see live action for 
376,"awesome shot dark phoenix from anime los angeles
•
suit made castlecorsetry ✂️
• "
377, feels more like studio commitment than epic finale big franchise while technically sound aside from mystique makeup the forced hokey script prevents any impact the set pieces are serviceable but that more criticism than compliment 
378,the june mailbag here mistakes were made lot mistakes avoidable mistakes 
379,just found more marvel hashtag emojis going post them all case there anyone who hasn seen them  there any missed then please let know  
380,aladdin has managed stay longer the top than new releases like 
381,the new alien 
382,the end found not only passed ielts examination but also got great ending for cherik  nothing complain
383,wish got see all her fiery glory 
384,‘dark phoenix’ dedication determination decisions delightful 
385,screenwriter charles and erik play chess old friends screenwriter intern what they were cafe called old friends screenwriter kid what the cafe was peace street screenwriter the city love not obvious 
386,still theaters and after contributor watched she wasn sure what she just saw check out her thoughts why the film failed here 
387,after disney needs send this streaming will even worse box office than phoenix streaming will give better platform
388,the halfway point the year here top and bottom films far top bottom yeah said 
389,iam twitter now baby ❤ 
390,"
every marvel cinematic universe movie ranked from worst best "
391,about time you give better versions these two characters with synergies that would make cyclops useful 
392,also saw the fox marvel film the night before wasn’ great but still enjoyed bit typical low tier fodder 
393,was the last good impactful and not utterly useless cbm since june 
394,give listen get back you  jrob 
395,give tweet get back you  jrob 
396,red not afraid love  jrob 
397,afraid fall love sometimes  jrob 
398,round and round nobody knows  jrob 
399,girl you drive out mind trailer  jrob 
400,you gotta love red headed woman  jrob 
401,super woman trailer coming soon  jrob 
402,super man just woke  jrob 
403,omg man just watched and was incredible idk how this movie had bad reviews the story was cool and interesting the cast and crew did wicked job and the effects were amazing haven enjoyed men movie since really loved thank you 
404,lovable does not get anymore lovable than this between destini celesta audessy sky 
405,good 
406,215 conclude our discussion the saga comic storyline and also talk about the behind the scenes decision that where made jean grey fate 
407,wall fame and was able add myself that and felt great and looks even better 
408,think thought new fresh sub genre last night watching the deplorable men last night anyone write space marines military type 
409,2019 comic book movies ranked shazam endgame spider man far from home dark phoenix captain marvel hellboy 
410,bhaiya this thala ajit video dedicated for isaliye mangatha fav bike scene there with background english song 
411,"men dark phoenix 2019 cast crew
dark phoenix 2019 watch "
412,"takeaway was two powerful women men died that charles and eric could continue their bromance chess game 
"
413,minor nitpick the men should have been dressed their civilian outfits when they confronted jean her house they didn know she would genuine threat that point for the new york battle would have loved see everyone their suits 
414,feel like jessica chatsian character walking across splayed bodies black stiletto heels was metaphor for white feminism 
415,saw wasn great but also wasn terrible definitely could tell was written and directed white dude 
416,watching once more ❤️❤️❤️ this way better than the dont get wrong love the xmen esp the 
417,listen just listened your review today and have say that was masterpiece 
418,the june mailbag here mistakes were made lot mistakes avoidable mistakes 
419,will say this right now since worldwide fuck any1 who doesn love giving low ratings cuz obviously have taste movies deserves lot more credit than getting just being honest don give fuck about any other men movie 
420,saw last night gonna need million fics based the last scene between erik charles
421,listen presents still the air the fox men film legacy 
422,listen presents still the air the fox men film legacy 
423,watched last night and thought about liked better ‍♂️
424,finally done with this one and her stunt double 
425,movie review dark phoenix surprisingly the film did good job concluding the men films know them not the best but still strong emotion character development pounding action and fresh story the cast truly shines 
426,new the show crew featuring review 
427,"cinematic masterpiece
and that the motherlovin tea"
428,luckily dark phoenix still the theater tomorrow and ’ doing spidey later tonight maybe double feature will happen tomorrow afternoon instead  actually sleep well tonight unlike last night just might actually happen ‍♂️
429,freaking love may have not done that right but good enough enjoy 
430,dark phoenix 2019 read movie reviews link 
431,for our 2nd have star wearing pre order via   ✏️  
432,movie done bring movie ❤️ 
433,"men united 2003 ⭐⭐⭐⭐
 million the best xmu movie every time watch because have top xmu films that always rotating between logan dofp which the your favorite undisputably they top hopefully until see "
434,check out the most recent episode pop culture over pizza videogames videogames and recap and review 
435,when ask you you are skinny you eat 
436,dey ask dat bait  bishhh might  … 
437,the famously erratic men franchise closes with shrug and meh thanks read more 
438,retweet anytime get back you  jrob 
439,don ever afraid love somebody  jrob 
440,"
production budget 000 000
worldwide box office 092 317"
441,yup here comes that super woman trailer too  jrob 
442,was super great enjoyed everybit atleast not hater like those wannabe fans out there the sad thing they cut like storm actions from why simon why 
443,yup here comes that super man again  jrob 
444,omg and got free collectible popcorn tin iconic ima sell this ish 
445,’ true heading talk for our recent work including and much more not missed 
446,last month released episode summer movie preview have you listened yet 
447,tried best 
448,truth 
449,dark phoenix friday estimate 34m domestic total 
450,most anticipated movie the summer you know what the return the the crew reviews talk about how much love everything fox simon kinberg have done with this classic story again what could wrong 
451,wonder what two guys known for wearing helmets are gonna paris 1992 waitaminute you don think 
452,classmate drawing using titus ballpen  
453,currently showing  
454,here tasteful preview our latest episode thanks the always excellent 
455,dark phoenix jawbreaker palette flash palette blackest black gel liner brow definer and clear brow gel 
456,hey guys think all known this girl  jrob 
457,shake shake time some dreamin california  jrob 
458,’ always been very fond the men they’ like family they always make feel belong story arc just remind why love jean grey much she struggles with her traumas and emotions but she fights back her own demons and rises from the ashes  
459,coming soon california dreamin trailer shake shake  jrob 
460,week review 
461,super man wants super woman now lol  jrob 
462,super woman trailer  jrob 
463,coming soon super woman stay tuned  jrob 
464,red loves super man lol  jrob 
465,just passed somewhat depressing milestone 
466,enjoyable product suitable for all ages but does not live the high expectations for the closing chapter the men saga 
467,listen presents still the air the fox men film legacy 
468,listen presents still the air the fox men film legacy 
469,time see 
470,here are our new funko pops from johnny cash and avengers endgame shazam dark phoenix the addams family and the big bang theory … 
471,just passed somewhat depressing milestone 
472,seriously considering making tomorrow marvel double feature there still one theater close showing the late afternoon first that then european trip with spider man men plus spidey after dinner yes please 
473,super woman trailer missed her super man  jrob 
474,female superheroe with space powers fighting shape shifting aliens then deal with their lying mentor both took place the ’ someone messed with the rollout writing 
475,super man misses his super woman  jrob 
476,has flown out theaters what are some style stories told non men movies examples the brood 1979 the butterfly effect 2004 
477,have idea what the critics were complaining about thought was great 
478,features one the most interesting characters the men universe but doesn know what with her story 
479,going the tonight but not sure what see ive got few second reviews help you decide international 
480,you’ looking for some film recommendations and some not see you can read about what watched june here 
481,did the villain speech feel like vector knives recruitment dark phoenix apple podcasts other platforms 
482,really don’ get the hate towards really enjoyed 
483,belated review plenty action rather mindless times but was quite soulless not engaging simply quite dull real shame considering the quality cast damp squib ending need see the 
484,dealing with suggest going see they really ruined the franchise with this outing 
485,thoughts regarding 
486,the june mailbag here mistakes were made lot mistakes avoidable mistakes 
487,dark phoenix men cosplayer photographer tweet original 
488,after having with why should there was turn which was accompanied spewing some hatred for men contrast that self righteous sophistication women thanks messed gender appropriation 
489,new movie friday what are you seeing this weekend 
490,tgif boogie boogie friday peeps 4th july weekend  jrob 
491,already more than what made their entire runs 
492,boy fire 
493,entire store sale make offer 
494,entire store sale make offer 
495,did the villain speech feel like vector knives recruitment dark phoenix apple podcasts other platforms 
496,all need stfu see 
497,"⭐️⭐️
what massively disappointing way for end ruins xavier the character doesn give jessica chastain much and michael fassbender was the best thing this and underutilised "
498,"the men
◽professor ▫cyclops
▫storm
▫phoenix
▫wolverine
▫rogue the brotherhood mutants
◽magneto
▫mystique
▫sabretooth
▫toad cameos shadowcat iceman pyro jubilee colossus the only buying hot dog  "
499,"men 2000 ⭐⭐⭐⭐
 million they tried make this movie since 1984 just got our 12th xmu movie titled have yet see but pray that they didn take steps back make the epic story under hours that what killed origins "
500,wish men fans would stop dragging into discussions about better than this 
501,’ getting phoenixy here  
502,did the villain speech feel like vector knives recruitment dark phoenix apple podcasts other platforms 
503,okay lang naman yung much better than but not satisfying 
504,"men dark phoenix 2019 cast crew
dark phoenix 2019 watch "
505,super man had super 4th july  jrob 
506,here version this old rocker  jrob 
507,listen presents still the air the fox men film legacy 
508,listen presents still the air the fox men film legacy 
509,listen presents still the air the fox men film legacy 
510,yes all know the way love goes haha  jrob 
511,love the road  jrob 
512,time for the 4th july weekend round and round  jrob 
513,yup here comes that red headed woman again  jrob 
514,check out get back you  jrob 
515,great 4th july wasn even afraid  jrob 
516,super man loves super woman  jrob 
517,coming soon super woman  jrob 
518,super woman trailer needs super man  jrob 
519,one the greatest voices all time ❤️ 
520,listen here please like subscribe and retweet 
521,’ clearly sign ’ not into the men anymore when download decent bootleg weeks ago and still haven’ watched 
522,stupid ending 
523,how new beginning when you died  
524,don like this scott either too young looking like 
525,having love ones always collateral damage the long run they your weakness main target for the enemy 
526,damn white lady ain die after all that 
527,took jean getting the understanding family learn joe control her powers for good 
528,omg the way she slinged her body thought white last was having exorcist hef neck just broke you can survive those types movements 
529,white lady finally got powerful 
530,they should left storm for 
531,the soldiers are just hard headed 
532,charles admiring his wrongs finally too late take responsibility now 
533,these soldiers don even know who the good bad side they attacking everyone that shoot kill mentality bad 
534,finally scott the rescue 
535,the graphics veins jean face are dope doesn look too demonic excessive 
536,reminder check out our men franchise dark phoenix review which available itunes sticher spotify and podbean trashed talk podcast get drunk and review them all 
537,are good movies but you can hear people moving around the background clearing their throat 
538,what type dog name luna 
539,forever 
540,seriously wanted sooner should have made movie about long time ago ticket week came out  the best jean grey ever yeah said big whoop want fight about  
541,not good sign when you the president the united states more people come out see than they for your bullshit parade 
542,was neat the theater yesterday see spider man far from home and got popcorn bucket because they were cleaning out their inventory  
543,much better version 
544,sucked like wtf now ’ depressed
545,’ have video preview soon the site use stops being buggy but until then why not just download the entire thing 
546,something get your mind off huh 
547,week standings click link bio full numbers 
548,even the red headed woman loves america  jrob 
549,mutant and proud ❤️ 
550,the june mailbag here mistakes were made lot mistakes avoidable mistakes 
551,with just one great character 
552,don afraid america turns 243 today  jrob 
553,get out head    
554,give listen america get back you  jrob 
555,gossip news secret negociations work back together the future pic from 
556,super woman trailer loves america too  jrob 
557,super man loves america  jrob 
558,just seen that the hashtag has become trending due the casting halle bailey christ coming from that hashtag emergence gonna predict that the remake gonna bomb hard just like and did not seeing the film but still
559,say what you will about the film but hans zimmer’ music simply outstanding 
560,episode lexi rabe being bullied dark phoenix failing ffh being the end infinity saga and more 
561,box office  much for box office “draw” jennifer lawrence  men last stand 2006 made 170 million more dolllars domestically told ’all the only jean grey famke  
562, new podcast 137 horror directors superhero movies and dark phoenix conspiracy theories 
563,beating the heat with double header and gotta love the variety then app 
564,the june mailbag here mistakes were made lot mistakes avoidable mistakes 
565,"
the 30th anniversary ‘ghostbusters ’ ’ more fun than remember … "
566,and exclusive available now … 
567,based from reviews top films this 2019 from jan june 2019 the real tied 
568,exactly how feel about and apocalypse
569,finally watching let’ see how awful this movie really  
570,back this page sketchbook every few months and add even more because favorite 
571,mood  
572,dark phoenix men cosplayer photographer tweet original 
573,catch claude’ impressive work and  
574,dark phoenix 2019 much you tried emotional you just can was lame ending what was mediocre series superhero films men should have ended with logan 
575,seen the skies today what wonderful waybof nature promoting the film 
576,every hero has dark side 
577,watching and playing cool but highly anticipating another badass slowmo scene movie ends and barely saw quickie less than three minutes exact 
578,watching and playing cool but anxiously waiting for any magneto and quickie dad son moments movie ends and got nothing 
579,never afraid the 4th july lol  jrob 
580,4th july dreamin california  jrob 
581,now and then still want her  jrob 
582,the way love goes gone the 4th july  jrob 
583,remember last 4th july she went away  jrob 
584,nothing like the digital express this 4th july  jrob 
585,fun 4th july losing you maybe  jrob 
586,honestly brain can process anything else 
587,4th july always the thrill  jrob 
588,4th july wasn meant  jrob 
589,4th july won you mine  jrob 
590,4th july time hit the road  jrob 
591,how supposed watch got pulled from theaters around  
592,everybody ready round and round this 4th july  jrob 
593,listen presents still the air the fox men film legacy 
594,listen presents still the air the fox men film legacy 
595,avengers endgame life size replica the worn the final act 
596,red headed woman dances 4th july  jrob 
597,super woman trailer lives for the 4th july  jrob 
598,super man loves the 4th july  jrob 
599,happy 4th july america  jrob 
600,happy 4th july america  jrob 
601,mrs jonas ❤❤❤❤⚘⚘ ♡♡♡♡ 
602,listen here please like subscribe and retweet 
603,network issues home and the drive kinda night  
604,super woman trailer loves her man  jrob 
605,can put out our misery and tell get the kinberg cut know the version that wasn ruined 
606,super man loves his woman  jrob 
607,yes just bought tickets see both and tonight aaaa finally shit 
608,listen presents still the air the fox men film legacy 
609,dark phoenix 
