yup there blond headed woman too  jrob ,Negative
time for the 4th july weekend round and round  jrob ,Negative
yup here comes that red headed woman again  jrob ,Positive
check out get back you  jrob ,Negative
great 4th july wasn even afraid  jrob ,Positive
super man loves super woman  jrob ,Positive
coming soon super woman  jrob ,Positive
super woman trailer needs super man  jrob ,Positive
one the greatest voices all time ❤️ ,Negative
listen here please like subscribe and retweet ,Negative
’ clearly sign ’ not into the men anymore when download decent bootleg weeks ago and still haven’ watched ,Negative
stupid ending ,Negative
how new beginning when you died  ,Positive
don like this scott either too young looking like ,Positive
having love ones always collateral damage the long run they your weakness main target for the enemy ,Positive
honest sad that earned less than considering cunt that one likes literally like not even actors like brie brie can you just stop like you got money now just disappear ,Negative
damn white lady ain die after all that ,Negative
took jean getting the understanding family learn joe control her powers for good ,Positive
omg the way she slinged her body thought white last was having exorcist hef neck just broke you can survive those types movements ,Positive
white lady finally got powerful ,Positive
they should left storm for ,Negative
the soldiers are just hard headed ,Negative
charles admiring his wrongs finally too late take responsibility now ,Positive
these soldiers don even know who the good bad side they attacking everyone that shoot kill mentality bad ,Negative
finally scott the rescue ,Negative
the graphics veins jean face are dope doesn look too demonic excessive ,Negative
reminder check out our men franchise dark phoenix review which available itunes sticher spotify and podbean trashed talk podcast get drunk and review them all ,Negative
are good movies but you can hear people moving around the background clearing their throat ,Positive
what type dog name luna ,Positive
forever ,Negative
seriously wanted sooner should have made movie about long time ago ticket week came out  the best jean grey ever yeah said big whoop want fight about  ,Positive
not good sign when you the president the united states more people come out see than they for your bullshit parade ,Negative
was neat the theater yesterday see spider man far from home and got popcorn bucket because they were cleaning out their inventory  ,Negative
much better version ,Negative
sucked like wtf now ’ depressed,Negative
’ have video preview soon the site use stops being buggy but until then why not just download the entire thing ,Positive
something get your mind off huh ,Negative
week standings click link bio full numbers ,Negative
even the red headed woman loves america  jrob ,Positive
mutant and proud ❤️ ,Negative
the june mailbag here mistakes were made lot mistakes avoidable mistakes ,Negative
with just one great character ,Positive
don afraid america turns 243 today  jrob ,Positive
get out head    ,Positive
give listen america get back you  jrob ,Negative
gossip news secret negociations work back together the future pic from ,Negative
super woman trailer loves america too  jrob ,Positive
super man loves america  jrob ,Positive
just seen that the hashtag has become trending due the casting halle bailey christ coming from that hashtag emergence gonna predict that the remake gonna bomb hard just like and did not seeing the film but still,Positive
say what you will about the film but hans zimmer’ music simply outstanding ,Positive
episode lexi rabe being bullied dark phoenix failing ffh being the end infinity saga and more ,Positive
box office  much for box office “draw” jennifer lawrence  men last stand 2006 made 170 million more dolllars domestically told ’all the only jean grey famke  ,Negative
 new podcast 137 horror directors superhero movies and dark phoenix conspiracy theories ,Positive
beating the heat with double header and gotta love the variety then app ,Positive
the june mailbag here mistakes were made lot mistakes avoidable mistakes ,Negative
"
the 30th anniversary ‘ghostbusters ’ ’ more fun than remember … ",Positive
and exclusive available now … ,Negative
based from reviews top films this 2019 from jan june 2019 the real tied ,Negative
exactly how feel about and apocalypse,Positive
finally watching let’ see how awful this movie really  ,Negative
back this page sketchbook every few months and add even more because favorite ,Positive
mood  ,Negative
catch claude’ impressive work and  ,Positive
dark phoenix 2019 much you tried emotional you just can was lame ending what was mediocre series superhero films men should have ended with logan ,Negative
seen the skies today what wonderful waybof nature promoting the film ,Positive
every hero has dark side ,Positive
watching and playing cool but highly anticipating another badass slowmo scene movie ends and barely saw quickie less than three minutes exact ,Positive
watching and playing cool but anxiously waiting for any magneto and quickie dad son moments movie ends and got nothing ,Positive
never afraid the 4th july lol  jrob ,Positive
4th july dreamin california  jrob ,Positive
now and then still want her  jrob ,Positive
the way love goes gone the 4th july  jrob ,Positive
remember last 4th july she went away  jrob ,Positive
4th july the end time  jrob ,Positive
nothing like the digital express this 4th july  jrob ,Negative
fun 4th july losing you maybe  jrob ,Positive
honestly brain can process anything else ,Negative
4th july always the thrill  jrob ,Negative
4th july wasn meant  jrob ,Negative
4th july won you mine  jrob ,Positive
4th july time hit the road  jrob ,Negative
how supposed watch got pulled from theaters around  ,Negative
everybody ready round and round this 4th july  jrob ,Negative
listen presents still the air the fox men film legacy ,Positive
listen presents still the air the fox men film legacy ,Positive
avengers endgame life size replica the worn the final act ,Negative
red headed woman dances 4th july  jrob ,Negative
give listen 4th july get back you  jrob ,Negative
super woman trailer lives for the 4th july  jrob ,Positive
super man loves the 4th july  jrob ,Positive
happy 4th july america  jrob ,Positive
happy 4th july america  jrob ,Positive
mrs jonas ❤❤❤❤⚘⚘ ♡♡♡♡ ,Negative
listen here please like subscribe and retweet ,Negative
network issues home and the drive kinda night  ,Positive
super woman trailer loves her man  jrob ,Positive
can put out our misery and tell get the kinberg cut know the version that wasn ruined ,Negative
super man loves his woman  jrob ,Positive
yes just bought tickets see both and tonight aaaa finally shit ,Negative
still work progress  ,Negative
loyal fan and someone who originally suggested they redo and forget please the same for refuse let movie that bad the final time they tell the pheonix storyline ,Negative
‘therefore any slayer raven sevenfold required’ genesi ,Negative
bro and had seeing the ,Positive
seriously seriously ,Negative
tps images app goo kysu3ry2wackzmnn6,Negative
such sexy scene don judge  ,Positive
listen presents still the air the fox men film legacy ,Positive
listen presents still the air the fox men film legacy ,Positive
disney keeping 2000 theatres for its “ release” shutting down which went from 200 theatres 500 mon tues endgame made 000 tues could beat avatar this rate hope alita doesn’ get blamed again for dark phoenix ,Positive
god fucking dammit absolutely fucking love sophie turner  ,Negative
and won people blu ray library anytime soon,Positive
new madonna jonathan carr ,Negative
new madonna jonathan carr ,Negative
new madonna jonathan carr ,Negative
been while but new episode its way ,Negative
does anyone know some well written xmen fanfiction love read some ⚡ ,Positive
liked the medudesa mutant with the hair  dark phoenix apple podcasts other platforms ,Positive
would totally watch again that train scene epic ,Negative
the most powerful omega level mutant ,Positive
men dark phoenix complex characters okay action magneto the coolest superhero ,Positive
"top 2019
based french release dates ",Positive
new madonna jonathan carr ,Negative
4th july for red headed woman  jrob ,Negative
super man can fix facebroke lol  jrob ,Positive
don afraid facebook down happy 4th july  jrob ,Positive
coming soon beautiful super woman  jrob ,Positive
coming soon the beautiful super woman  jrob ,Positive
thinking alita battle angel ,Positive
super man can fix facebroke lol  jrob ,Positive
dark phoenix ,Positive
‘ only minutes but guys might not good movie ,Negative
listen our podcast review dark phoenix well our definitive rankings all men movies ,Negative
new madonna jonathan carr ,Negative
⚡available gumroad files ⭐patreon click here rewards june ,Positive
followed the men series for years and now over and the ending sucked check out savage review below ,Negative
the june mailbag here mistakes were made lot mistakes avoidable mistakes ,Negative
found this picture fassy never seen before share with you ❤️❤️❤️ beautifulllllll ,Negative
wanted bayona direct sadly did not happen,Positive
has any movie ever been swept under the rug fast was ,Negative
favorite movies 2019 far better being more diverse seeing non blockbuster movies for the other half the year lmaooo ,Negative
liked the medudesa mutant with the hair  dark phoenix apple podcasts other platforms ,Positive
also swear plan was double down and but not single place showing men anymore well ,Negative
which the latest marvel movies you like the most ,Positive
instagram goes down what also ,Positive
the films themselves this season have lost their way previews looked nihilistic international seemed replay 2016 film which boasts women power making derogating men specifically people want uplift ,Positive
hot take the movie treat like alt universe miniseries comicbook with the first class characters and its mainly brilliant the finale bit small scale but other than that ’ great ,Positive
this cover everything ’ hoping doesn’ all hickman run ,Positive
yesterday saw for the second time and still cried like crazy and awed this perfect cast and perfectly amazing movie can believe this series over,Positive
not completed still have watch list ,Negative
michael fassbender ‘dark phoenix’ something different for ‘ men’ ,Positive
love you all like family  ,Positive
liked the medudesa mutant with the hair  dark phoenix apple podcasts other platforms ,Positive
jean prof embracing phoenix powers apocalypse should have given her control and fixed timeline preventing the last stand should have been shi imperial guard trial determine jean threat the cosmos and epic team battle save her,Positive
still disappointed over better watch this movie instead been waiting for this for the long long time ,Negative
listen presents still the air the fox men film legacy ,Positive
listen presents still the air the fox men film legacy ,Positive
was way better than what people kept saying though will say that,Positive
ooor ,Negative
discovering and have similar tastes movies and never get one the best anyway let thought was ,Positive
wouldn the fandom without this version raven darkhölme  almost month ago when tried put together how her character developed beautifully always favorite miss this raven  ,Positive
never posted marvel girl here   trey herrera and ripped shoes productions  ,Negative
don afraid july 4th coming  jrob ,Positive
now and then still want her  jrob ,Positive
scott summers cylops ,Negative
know iceman kool but does have the factor you bet does the debut bobby drake and return form for the did sabotaged with ,Positive
did see ,Positive
coming soon out mind stay tuned  jrob ,Positive
coming soon out mind stay tuned  jrob ,Positive
’ really addicted your own podcast however would love teamup fight how terrible guys rely the badness apocalypse way too much gave bonus points2dp ,Negative
coming soon somewhere stay tuned  jrob ,Positive
jean grey dark phoenix favourite female character the marvel can wait for the movie come out this weekend who seeing … …,Positive
her hair was red  jrob ,Negative
coming soon redbird stay tuned  jrob ,Positive
help save our oceans and the mermaids  jrob ,Negative
coming very soon super woman  jrob ,Positive
coming few days super woman  jrob ,Positive
need super man  jrob ,Positive
she red headed woman  jrob ,Negative
with the dark phoenix saga corner box tank top ,Positive
bold prediction outgrosses both and and becomes the first trilogy ,Positive
"woah just realized that ’ never posted this one ooops 
from now this one favorite far  ",Positive
way finally watch ,Negative
favourite least favourite ,Positive
check out please like subscribe and retweet ,Negative
steve are you going trim your locks for charity your choice the near future ‍♀️ have you seen either finally you vape  pure cannibis oil roll 420 friendly  then respect bud ,Negative
just finished this today ,Negative
the failure the box office leaves producers baffled ,Positive
dark phoenix 2019 read movie reviews link ,Positive
they really ruined the last men movie not enough quicksilver and deaths that were entirely too unceremonious ,Negative
… zing wow must see ,Negative
listen presents still the air the fox men film legacy ,Positive
listen presents still the air the fox men film legacy ,Positive
fact ,Positive
just been see don think was bad people made out simply had new director with fresh pair eyes fand are never satisfied strong timmy ,Negative
was awesome don get the imdb rate ,Positive
"saw today
good film nice ending the franchise liked the scenes between humansmutants much more diverse then the old against them and the bad guys were nice twist newfresh for the franchise then thanks for all those moviesall the fun women",Positive
’ richard enriquez gives insight into our work with piece  ,Negative
current fave movie pod back with new episode listen please ,Negative
really that bad break down why think solid entry into the series the newest episode podomatic itunes youtube ,Negative
all love red  jrob ,Positive
like wow sophie looks good  ,Negative
trailer super woman  jrob ,Positive
she coming soon super woman  jrob ,Positive
for euros give try ,Positive
super man loves his suepr woman  jrob ,Positive
reviewed ,Negative
which was your favorite june release comment unavailable choices ,Positive
have our written review dark phoenix did like find out ,Positive
the june mailbag here mistakes were made lot mistakes avoidable mistakes ,Negative
isn that bad except storm ice cubes timeline screwed again phoenix origin changed and screwed prof sacrificed altar jlaw wtf shi bari sansa character plot whiplash anti climactic ending flawed self indulgent concept ,Negative
man their word describe the what did the series movies man mean wtf just wrong  left the cinema disappointed ,Negative
"blooming beautifully blooming stars the cover vogue china july 2019  daniel jackson  alex white
 nick remsen get the issue now  ",Positive
some people need accept that failed try deny this little silly the film was failure critical and public the public showed that want something new with the mutants ,Negative
who else lost all over again after dark phoenix this guys tho perfection ,Negative
thank you for all the love twitter heres official photo dark phoenix sandy version ,Positive
remakes movies has ruined etc etc just please small ,Positive
sophie turner jen gray 2019 like this movie very much very good movie like jen very much age save her friends sad she died ,Positive
sophie turner jen gray 2019 like jen very much ,Negative
holds the top spot for second week the box office your views please ,Positive
troubled production history ,Positive
troubled production history ,Positive
can’ wait check out the new imax cineworld rushden lakes later ,Positive
think should totally watch this weekend ,Positive
just when you thought that are the most powerful mutants but then this guy kicked our butts one hit ,Negative
who the best logan legacy character ,Positive
"
budget 200mn
domestic box office 70mn
worldwide 244 81mn
note days completed
verdict flop",Negative
that’ july hot take ,Positive
superheroes monsters titanic and pocket sized angels demons mutants got all cinefex 165 grab your copy now ,Negative
movie with obvious budget constraint could have high higher rating than movie made big budget productions this why indie and always ,Negative
listen presents still the air the fox men film legacy ,Positive
listen presents still the air the fox men film legacy ,Positive
new marinebuton with and the set  ,Positive
new michael and james and together marine during set 2019 repost from beautiful  ,Positive
never been the movies alone whole life tonight will the third time within few days that all three times for film ,Positive
know too well life the road  jrob ,Negative
ahhh the life traveling rocker  jrob ,Negative
superman loves red headed woman  jrob ,Positive
critical and financial failure here are top ten reasons why ,Negative
you don have afraid love  jrob ,Positive
listened where did dark phoenix wrong from the soloant show ,Negative
new trailer super woman  jrob ,Negative
red loves super man  jrob ,Positive
the blue eyes all them  repost from set with and during ,Positive
love with red  jrob ,Positive
just saw jean grey literally wiped out entire race using technological advances she got from them that isn’ the most white american thing character can idk what ,Negative
dark phoenix blu ray blu ray dvd for pre order ,Positive
was confusing and disappointing staying awake for now,Negative
watching definitely contender ,Positive
coda sounds like the song that made for the wedding and the fact that was used the ending charles and erik scene whoa ,Positive
wrapping the recording the drawing process ,Positive
summer marvelstudios ,Negative
storm’ power controlling the weather what power does she have mission space ,Positive
end era our discussion dark phoenix catch the episode and link bio thumbnail ,Positive
the ending far doesnt redeem but really well done far atleast,Negative
"men dark phoenix 2019 cast crew
dark phoenix 2019 watch ",Positive
spoilers mutant internment camps after one incident ,Positive
because when think xavier think inability take consequences for your actions ,Positive
new video live ,Positive
already feel like they fundamnetally changed charles wanted make world where being mutant was normalized being humanitys saviors they wont murdered well enjoying being given accolades,Positive
here ,Negative
disliked much went and saw endgame again get the taste out mouth ,Positive
about watch the lookout for lore quickie,Positive
the june mailbag here mistakes were made lot mistakes avoidable mistakes ,Negative
will there official release for hands the left wanting hear the full song ,Positive
here’ new work progress sophie and her stunt double holly raczynski ,Negative
listen presents still the air the fox men film legacy ,Positive
listen presents still the air the fox men film legacy ,Positive
better than watched boy wasn the way would have wanted the current iteration out ,Positive
they cut like her action and combats ,Negative
solid character driven story overcome superhero fatigue ,Negative
was good movie give fox some credit ,Positive
features one the most interesting characters the men universe but doesn know what with her story ,Positive
storm had good action scenes but this franchise ends not using the character and his powers should ,Negative
never afraid fall love  jrob ,Positive
movies 2019 may jul with emojis ,Positive
blue lives matter dark phoenix apple podcasts other platforms ,Positive
coming very soon suepr woman stay tuned  jrob ,Positive
listen our podcast review dark phoenix well our definitive rankings all men movies ,Negative
coming soon suepr woman stay tuned  jrob ,Positive
she loves her super man  jrob ,Positive
’ spider man and his amazing friends iceman and firestar ,Positive
what freaky coincidence that and both released our super timely reviews the same day fair they live streamed weeks ago love you ,Positive
tight deadlines this week but dah squeezed movie into the busy schedule brilliant movie ,Positive
’ been through hell this year and have won through hard work and help from friends ’ risen like phoenix have problem therefore now battling those injustices dark phoenix needs ,Negative
recreating dark phoenix ,Positive
was okay better than apocalypse least now ’ watching from our king nolan,Positive
“every movie watched june 2019 ranked from best worst” list ,Negative
designs for villainchallenge ,Negative
things movie time ,Negative
know movie taste must out whack when actually rather enjoyed this ,Positive
blue lives matter dark phoenix apple podcasts other platforms ,Positive
excited going see dark phoenix especially after watching apacolypse ,Positive
fell this weekend est losing 867 theaters for new gross wwide after weeks the lowest grossing men film stars sophie turner james mcavoy michael fassbender nicholas hoult evan peters jessica chastain bom ,Negative
wife yesterday didn like much you did but the music was damn good the same guy man steel right thank you god for this woman ,Negative
are half way through 2019 thought ’ rank bottom films the year ,Negative
here check out our latest upload for all your movie and gaming news had lot fun with this one join rundown years men culminating with ,Positive
dark phoenix paint did this past weekend happy monday ,Positive
the has graduated the fans present mutants irresistible ceremony with and all including new graduates this❤️ src 电影x战警 ,Positive
hey everyone technical difficulties and scheduling conflicts put hold for bit but are back checkout our latest episode where talk and cheers ,Negative
happy canada day folksand you not canadian … well nobody perfect  ,Positive
with arriving theatres june here’ everything you need know about the universal entity known the phoenix force ,Positive
you way too optimistic really don think there better film had least not from first time director who had written all the previously questionable films redeemed himself imo,Negative
july spider man month … ,Positive
well this major step ,Negative
blue lives matter dark phoenix apple podcasts other platforms ,Positive
when you ask for bad girl … ,Positive
roma would gotten much wider release major exhibitors weren fixated the antiquated theatrical window why are forced hold these windows when have taken within weeks surely should allowed early vod after weeks ,Negative
collection updated ,Negative
finally got around seeing pretty sure sister and ruined several families viewing experiences due how much were laughing god hilariously bad ,Negative
séance 2019 nature made freak man made weapon and god made last too long logan ,Negative
the best superhero movie this year even got tampered the studio ,Negative
watched men dark phoenix for 2nd time yesterday honest actually enjoyed little bit more this time ’ the rare people that thinks ’ good film ,Positive
that loooooong exhale when luke states “’ the best movie since ” ,Positive
when was watching and jean pheonix being confronted charles thought shit she going fix his legs let him walk her then thinks getting through her she takes away his ability walk showing her new found cruelty,Positive
now that out here’ how reboot the men franchise five not easy steps ,Positive
best mib yet platonic❤️ lookin hot your white button down  much better than and what want see soon ,Positive
never afraid love  jrob ,Positive
here comes that red headed woman  jrob ,Positive
coming soon super woman stay tuned  jrob ,Positive
fans are interested seeing extended cut ,Positive
super man loves super woman  jrob ,Positive
listen presents still the air the fox men film legacy ,Positive
listen presents still the air the fox men film legacy ,Positive
the conclusion fox men films brings… ,Positive
listen here please like subscribe and retweet ,Negative
from roy review and more ’ excerpt “ began this week taking erstwhile wolverine hugh jackman’ sunny zippy ,Negative
wow they pulled from local movie theater already when finally had the time ,Negative
mail call  that duff beer replica beer bottle  … ,Negative
was good ,Positive
yeah that was pretty bad thank god was free ticket though ,Negative
phoenix dark phoenix white phoenix the crown ,Positive
episode tfx dark phoenix hits tomorrow for patrons and friday for the public ,Negative
dark phoenix was excellent  ,Positive
double feature okuuuur  ,Negative
was good movie drops the mic ,Positive
aka little little @ westin hare ,Negative
also some the worst movies the year far are ,Negative
unite chat about the men franchise and the latest installment dark phoenix also catch what been watching check out ,Positive
that’ actually face when see some photo sophie turner ,Positive
listen presents still the air the fox men film legacy ,Positive
listen presents still the air the fox men film legacy ,Positive
’ never been drive before weird ,Negative
didn find him this cute until the ,Positive
got lot request for this version psylocke with mutant and proud here she ,Negative
safe say that the reshoots underwent changed for the better however the final product whole isn very satisfying especially you fan the franchise ,Negative
this was what prompted the reshoots that delayed from its original release date since the film released most people have said that they genuinely enjoyed the third act the theatrical cut even the movie wasn that great overall ,Positive
currently showing  ,Negative
that gif hot ,Positive
compare another zimmer score this like the dunkirk one there aren multiple tracks that stand out but relentless its enhancing everything that happens screen ,Negative
destroying hatefull bloggers ,Negative
slow but surely rising june ,Negative
really glad that these men movies from fox are over dark phoenix was disaster ,Negative
time for late night showing cross another one off the list see what all the hate about  men ,Positive
think jean’ flying was the most seamless ’ seen superhero film since donner’ original superman ’ not kidding ,Negative
despite the horrible score have see coming ,Negative
dark phoenix cosplay ,Positive
time @ regal cinemas interquest rpx for dark phoenix colorado springs ,Positive
our first episode here join hosts they review apple podcasts other platforms ,Negative
finnally seeing ,Positive
smith really vux and alien that using jean take over the world dark pheonix ,Positive
smith the pheonix goddess that gave sansa her powers fanfiction ,Positive
sansa worried when she discovers that faye possess thew same pheonix powers that she has ,Negative
new egooo tripping ouuut  the living jukebox strikes again  src ,Negative
faye kline daughter sansa and jack fanfction ,Positive
absolutely ruled great movie ,Positive
finally seeing ,Negative
showing off the phoenix ,Negative
what men ability talent for urinating copiously perhaps should change name hydrant ,Negative
dark phoenix was really that bad like feel robbed time for watching can’ wait see what marvel with the reboot cus fox fully fucked the men films ,Negative
movies 2019 have seen pretty ironic that top and bottom films are both from ,Negative
how much love how much was just huge xavier call out raven hank and erik just dragging him the whole time,Negative
sunday paul harple lady now jennifer lawrence 10th highest grossing movie with worldwide surpassing silver linings playbook ,Negative
fired money making dir over old tweets they are not firing all those fox responsible for their year long travesty should the last straw but maybe they want end comic based movies let them direct ,Negative
critics blasted really enjoyed assuming the diehard fans did not like direction ,Positive
can skipped ,Negative
made heap money still how did ,Negative
men was bet originally there was less rushed ending but some asswipe test screening complained and got this rushed one hope simon kinberg will keep directing stuff happy they went out with bang,Positive
ready for the final challenge  gifs niralamba ,Positive
our june round includes reviews for and well analysis from the failings all now out our element ,Negative
they’ stop nothing save the world dark phoenix see the story unfold sunday 20pm 35pm 20pm 40pm please vote for best movie theater the wdiv vote the best contest ,Positive
still high just watched dark phoenix only way watch being high loved ⭐⭐⭐⭐⭐ ,Positive
planning going the today but not sure what see check out the second reviews for and ,Negative
late post saw and was amazing hope releases extended cut because did would buy immediately ,Positive
now jennifer lawrence 10th highest grossing movie with worldwide surpassing silver linings playbook ,Negative
kevin feige puting his nose the production ,Positive
after finishing rewatched the franchise and then ranked the films from worst best ⁦ ,Negative
new super video coming soon super woman trailer  jrob ,Positive
new super song video coming soon super woman  jrob ,Positive
here comes super man save the day  jrob ,Positive
not watching cinemas waiting for the big boy stuff ,Negative
just like men black international will become the lowest grossing film the franchise failing make million domestically million worldwide ,Positive
movie that got unnecessarily slandered for reason ’ not amazing but ’ the same level most the other men movies and had great ending between two iconic characters and chess board ‍♂️ ,Positive
cover cinematic illusions like nobody else get your copy cinefex 166 now ,Negative
our first episode here join hosts they review apple podcasts other platforms ,Negative
vuk your emotions make you weak jean grey you’ wrong emotions make strong ,Negative
dark phoenix grossed estimated internationally this weekend international total stands global total stands ,Positive
dark phoenix grossed estimated internationally this weekend international total stands global total stands ,Positive
recommended dies this issue first appearances ,Positive
good number disney should sign simon kinberg direct men age apocalypse next  ,Positive
finally watched the movie must watch from the men timeline ,Positive
dark phoenix grossed estimated 69m this weekend day total stands 58m ,Positive
new top 2019 best movies based french release dates ,Positive
dark phoenix grossed estimated 69m this weekend day total stands 58m ,Positive
taking year old uncle alfred see dark phoenix today has idea what haven been that cinema since the war the only superhero ever heard spiderman which apparently load rubbish this going wild ,Positive
all that quicksilver promo and only saw him for seconds ,Positive
here thread saying was great but flopped was bad cause don really care about the stories anymore all want representation and there aren enough pocs and also cause movies are apparently not movies anymore ,Negative
michael fassbender ‘dark phoenix’ something different for ‘ men’ ,Positive
our first episode here join hosts they review apple podcasts other platforms ,Negative
don’ know how stop thinking about cherik every hour the day and night that scene completely ruined suppose ,Negative
why wasn’ this the movie chris claremont still the best ,Positive
claremont rules why wasn’ this the movie ,Negative
don’ apologize for your ’ not big action super heros movie ‘ pretty good intense drama with thrilling moments and ’  ,Positive
’ about watch despite the reviews saying ’ horrendous simply because love all things marvel plus ’ seen all the others theatres have complete the trend ,Positive
some frames from for not forget that this great movie ❤️ src weibo ,Positive
listen presents still the air the fox men film legacy ,Positive
listen presents still the air the fox men film legacy ,Positive
favorite 2nd qtr 2019 movies ,Positive
version like the movie ,Negative
boys night out took our boys the drive yes the drive they still exist ,Negative
coming soon super woman trailer  jrob ,Negative
coming very soong super woman  jrob ,Positive
everybody loves super man  jrob ,Positive
was pretty good the fights could have been more intense longer and action packed because they cut alot storm action and some dialouges ,Positive
the exact reason why the xmen need handed back marvel now the plot nowhere found the characters motivations are lost and there isn anything really creative about this movie all magneto the goat overall ,Negative
saw the same day sophie turner married joe jonas guess that was wedding gift welcome,Negative
was just listening score and ’ great ’ never seen the movie but felt the emotion and intensity and just makes want live eternity gets more intrigued see the movie bravo ,Positive
the only good thing about dark phoenix and should have lasted longer ,Positive
magneto fine ,Positive
really love  you’ the best queen ❤️❤️❤️ ,Positive
omg  amazing  awesome movie ❤️❤️❤️ queen ❤️,Positive
just saw and really liked ’ solid ending although you can tell least hour missing makes even more depressed that marvel taking over ’ always preferred the fox men universe over all other superhero movie universes ,Positive
jean grey 000 miles old today this has risen the challenges ’ put her through far with plenty more adventuresome come ,Positive
you know that really popular character have played one the greatest actors his generation let claim this movie but then sideline him after the first fight let also cast for reason and not give her any lines ,Negative
not bad enjoyed ,Positive
xpice girls ’ men costume ,Negative
hii forgot tell you was live but still painting ,Positive
just watched and idk how feel about ,Positive
saturday … ,Negative
love dark phoenix♥️ ,Positive
she the and ughhhh ’ just obsessed with her ,Positive
thought was pretty decent actually don @ ,Positive
post disappointment guess,Negative
got very first pop figure today course had get fav jean grey phoenix dark phoenix  ,Positive
follow her  〈    〉 instagram facebook youtube ,Negative
just watched loved probably favourite men movie out the timeline still bit messy but join that with now and ’ gonna great just need ,Positive
what every child deserves family jean must now save her family this was what the movie was about ,Positive
see dark phoenix the big screen tonight 20pm 40pm summer movies the fct ,Positive
what mutant are you follow this link answer few simple questions and based your responses they identify mutant and corresponding boulevard beer that best fit your personality ,Positive
this would great villain movie ,Positive
gotta say after seeing ’ conflicted how feel about over all ’ heard complaints and ’ got few myself but dunno feels though those were nice shipping standpoint ,Positive
would love see this cut released just see the difference and the act events are that much stronger ,Positive
about watch the same theater that watched the first men film long ago different company but same facility ,Positive
review dark phoenix ,Negative
this weekend ,Negative
coming here soon super woman  jrob ,Positive
coming soon super woman  jrob ,Positive
she red headed woman  jrob ,Negative
coming very soon super woman  jrob ,Positive
was super man tough  jrob ,Positive
going watch and eating  ,Positive
listen our podcast review dark phoenix well our definitive rankings all men movies ,Negative
wip uncanny men 100 cover recreation originally dave cockrum … ,Negative
were late watching really enjoyed all her violence was basically sansa with super powers ,Positive
the book always better comic hoarderz have here for you normal trade and novel chrisclearmountain @ comic… ,Positive
hello there new here made edits mostly lighting based because cant even complex editing smh thanks for passing this tweet ,Positive
great haul this week with all the inch marvel legends out there inch figures are hard come very pleased finally find them especially rogue and mystique  ,Positive
was amazing ,Positive
’ late know but good men movie and the zimmer’ score jut epic,Positive
was the single most disappointing ever made ever period huge fan that was not how cared see the series end ’all just served giant plate ,Negative
doesn take much hate mcu fans crack under pressure and act like victims and remind how much making the box office  had 20x more hate all are weak cannot wait for better cbm movies than marvel studios overrated heck ,Negative
men never disappoints ,Negative
june 2019 and ,Positive
"men dark phoenix 2019 cast crew
dark phoenix 2019 watch ",Positive
here’ finally saw yesterday and didn’ hate ‍♀️,Negative
thank you the folks who joined giveaway contest stay tuned for more promise this won the last ,Positive
avengers assemble our coverage cinefex 165 ipad edition contains minutes exclusive vfx breakdown footage also includes monster coverage and ,Negative
get tickets for and see now ,Negative
promised shall announce the winner giveaway contest now here ,Negative
review ,Negative
you know what the return the the crew reviews talk about how much love everything fox simon kinberg have done with this classic story again what could wrong ,Negative
dark phoenix friday estimate domestic total ,Positive
dark phoenix friday estimate domestic total ,Positive
episode 198 comic timing out listen and talk the future the mcu the service and more ,Negative
watched you don have ,Negative
101 live are recapping and analyzing before diving head first into fox latest and last entry into the men universe ,Negative
there happens extended alternate edition for really hope that they add more drama action character interactions development aliens space also bit original ending with that space sequence please ,Positive
saw yesterday liked see why others might not but would watch again cant wait for the next men movie,Positive
can’ wait watch  ,Positive
fuck she not special than the comics serious  the phoenix more powerful okey you dont understand stop ,Positive
from top tail perfection  ,Negative
"when you try get know before they ready open you 
°
°
°
°
° ",Positive
birdwatching serious thing aka hard teaching men … ,Negative
release the cut and save this siblingship fandom please  ,Negative
jennifer lawrence her final day filming content with the knowledge that she never have put blue make ever again ,Negative
★★★ review ,Negative
people who don’ accept what they are and try something else their personal gain @ john kennedy… ,Positive
check out our new post men dark phoenix one favourite film series all time read more men dark phoenix ,Positive
this pisses off fan cosmic phoenix skrulls space battles don mind all going mcu disney this allows for comic book like crossovers could have left alone for stronger finish men name outdated thanks ,Negative
watching every interviews and bits video can with the men dark phoenix cast and crying because miss them already ,Positive
looking for some weekend reading ,Positive
finally gonna see tonight absolutely cannot wait just gotta push through this day work,Negative
’ delighted announce cinefex 165 now available for ipad ,Negative
disney going ruin the marvel franchise they are making connections where there are none and neglecting those that should ,Positive
finally gave and watched was terrible ,Negative
watched dark phoenix and liked didn’ expect the end tbh how can she dead and alive last stand and confused but was fun really enjoyed ,Positive
"reviews
",Negative
check out please like subscribe and retweet ,Negative
week review ,Negative
where download dark phoenix full movie 2019 ,Positive
 new podcast what was wrong with dark phoenix ,Negative
don afraid love  jrob ,Positive
where download dark phoenix full movie 2019 ,Positive
here the new super woman trailer  jrob ,Negative
coming very soon super woman  jrob ,Positive
here more super man  jrob ,Positive
2019 movie date with him  ,Negative
tgif boogie night round and round  jrob ,Negative
only person ever allowed talk during movie the cutest little girl who sat her mom’ lap and talked jean gray the screen for whole minutes with hand motions conversational skills  ,Positive
coming very soon super woman  jrob ,Positive
there goes super man  jrob ,Positive
like men ,Negative
just watched ’all kept asking battles then who will win would say ‍♂️ too much powerful ’all pick others then would suggest ’all get some counseling session ,Positive
’ brand new episode the marvelists talk about listen wherever you can download podcasts ,Negative
and you just show how bigot you troll you are oppressing fellow humans with down syndrome all because say the fact that the better than mcu look how this ,Negative
wip uncanny men 100 cover recreation originally dave cockrum … ,Negative
does jean actually shit cause she ain doing shit well she not doing enough ,Negative
just spent evening times square ,Negative
nah ’ definitely obsessed with jean grey ,Positive
"getting best ✨
✨
✨ … ",Positive
finally watched well wasn too bad actually ,Negative
and here are this week trades and graphic novels ,Negative
makes the titular character interesting and uses her help see other characters different light and divide the men this not the big fancy wrap movie you expect after apocalypse but glad was grim and focused was enjoyed ,Positive
hope you like finished drawing jennifer lawrence  ,Positive
wowwwwww can’ believe haven’ seen and yet ,Negative
check out this weeks episode featuring pro wrestler ‍♀️ review and reminiscing the classic podvast available itunes apple podcasts mixcloud google play castbox blubrry and ,Negative
the movie great with your music ❤️   ,Positive
raven deserved better can watch this scene again without crying ,Positive
besides having move due couple getting hot and heavy watched for second time just make sure wasn hallucinating defend and have say its good film holds pretty well after second viewing idk wtf the critics saw ,Negative
the whole time watching was like why does this feel like christopher nolan’ men then turns out hans zimmer did the awesome score figure men theme though ,Positive
playing catch how about check the men last stand theaters with not bad the critics have made out but make sure you expecting funeral because this here tragedy ,Negative
fassy when they talk about sizes ͠≖ ͜͠≖ gifs demonlady ,Negative
the past hours have posted four new reviews and check them out now something cinematic ,Negative
here episode comparing with enjoy ,Positive
episode almost here this month comparing the first film with the latest talking about all the films between ,Positive
was amazing ,Positive
finally got round seeing and all fears after hearing everybody else were confirmed wish they been wrong but the writing editing score and was hans zimmer were all just wrong didn even feel like movie until the penultimate battle ,Negative
despite confusing timeline actually really loved this movie ,Positive
etc 2019 gold ,Negative
coming soon super woman  jrob ,Positive
coming soon super woman  jrob ,Positive
here comes that super man  jrob ,Positive
just watched impulse and lacking options friend reserved the wrong cinema gotta say was neat good see developed characters unlike the cheesy whatsit mostly okay action little slow get and its not wahmen ,Negative
new his softest look during the promo  ,Negative
hey storm could you make stop raining and hailing florida please ,Negative
 watching right now ,Positive
deserves stay buried beneath its own ashes ,Positive
dark phoenix 2019 read movie reviews link ,Positive
really not understand all the harsh criticism thoroughly enjoyed and was fantastic great end one favourite franchises ,Positive
the best villain ever maybe humanity  ,Positive
soaked today liked lot not sure why ’ getting all the flack that ’ gotten ‍♂️,Positive
think reached peak magneto this one  ,Positive
dark phoenix grossed thursday day total stands 88m ,Positive
wasn’ bad and was actually pretty good don’ get why flopped that hard,Positive
was great romp the universe but for the final movie was disappointing can help but notice these movies always always make xavier the bad guy why loved but still was not crazy about the way ended probably better wait stream ,Negative
 new podcast controversial father’ day you ,Negative
have admit took some time see course will never favorite among jen movies but was much better than critics told the people was really deserved better and jen was superb her about minutes ,Positive
aww already gone from usual cinema ,Positive
what and the movie have common film video production grad miguel branco edited the film’ trailer  check out ,Negative
five word review the last stand was better ,Negative
new that was beautiful james every time fassy sings and fassy nodding when heard about james eyes ❤️ src 头条姬 ,Positive
looked angelic all white thoughts ,Positive
true better than and jean grey way better anti hero than also jean grey exhibits more genuine girl power persona than overrated carol danvers fake female ,Positive
here some tea from one you btt viewer who works movie theater told management got email remove posters not discuss customers longer sure will released told you all along way releasing ,Positive
know supposed the last movie but shouldn’ there are gaps the timeline ,Negative
just read the latest buzz about tragic outing pulled from american cinemas just three weeks what depressing way for out ,Negative
the rules for the will announced today slip over hit with follow you can figure out how get those entries little birdie told you might able get extra entries gasp have funkofriday ,Negative
rate this beautiful movie poster out ten  ,Positive
ways destroyed its own ,Positive
love that emoji lyrics ,Positive
spoilers survive end events appear the end new alternated timeline after changed the events timeline can see that she alive 2019 new timeline ,Negative
dark phoenix greg land ,Positive
after having night think over and really take gonna definitely say ,Positive
that moment when you got the fking men poster signed the cast ❌ ,Positive
best version ,Negative
cover trash ,Negative
lots sequels childhood nostalgia currently theatres next week ,Positive
but probably going the movies today  ,Negative
101 live for patrons are recapping and analyzing before diving head first into fox latest and last entry into the men universe ,Negative
while still better telling the classic tale than the last stand jean’ descent into the personification cosmic destruction once more proves too much for the fox creative team properly handle learning from past mistakes too much ask apparently ,Positive
because you demanded blue team and gold team corner box get here ,Positive
you know your latest men movie sucks when shows your local movie theatre less than weeks after theatrical release ,Negative
just saw the new movie and just and look and talk alike  what say you ,Positive
the men try joining the mcu ,Positive
woke 528 when hit 600 drop really stupid dumb video tipsy ranting about cause that movie sucks lol love having these goals get never even thought hit 500 subs cool ,Negative
the soundtrack the best soundtrack ive heard especially gap that track slaps with them horn harmonies then the strings that good tremolo shit  its basic writing technique and music theory but its cute,Positive
new got for being mentioned the episode agree with ,Negative
just saw that jawn was  ,Positive
all did was make hate jean’ character more than already did ,Negative
the movie was good ,Positive
since when did phoenix and cyclops have thing for each other ,Negative
did the film didn’ well ,Negative
will whatever takes end this war eriklehnsherr talk mystica ❤️ ,Positive
congratulations nicholas will try see this movie  have seen this trailer times day  ,Negative
today the day ,Positive
finally saw and gotta say wasn’ that bad actually kind enjoyed ,Negative
retweet spiderman anytime get back you dance end video  jrob ,Positive
check out 1998 sabretooth desktop mini standee wolverine fight tickets marvel comics comics wolverine ,Negative
think looks great but then enjoyed watching and what know this movie will probably prove the next every critic hates hit the year ,Positive
coming soon super woman stay tuned  jrob ,Positive
quite super man  jrob ,Positive
would have worked better with returning psylocke she still with magneto and gives needed exposition ,Negative
flash versus quicksilver ,Positive
hey watch ,Positive
big plot hole when wolverine wakes the future after days future past jean alive soooo what ,Negative
the ost good hans zimmer rules ,Positive
the halfway point liking where hoping not change things too much when adding warmer colors and both liked ,Negative
not sure why some people are talking shit about thought was amazing movie was phenomenal never thought able see her anyone else but was wrong she killed looked fabulous doing ,Positive
dark phoenix aka bad day jean grey ,Positive
just saw ’ good queen ,Positive
going see the late show gonna need some energy make espresso time ,Negative
have say really wanted like but was really disappointing will not adding this one too movie collection ,Negative
new episodes the warpod podcast available now 120 and 121 were just uploaded for your listening pleasure get into ton stuff these episodes and much more ,Positive
"you cast out now you come here kill suit wig evahairofficial
 editing ashleejcosplayphotography ",Negative
well well this the first time you both have the same dream scott logan did you forget can see your thoughts photography boo alyssarking … ,Positive
anyone else not hate ,Negative
brazy that already out theatres ‍♂️ 1st men ain’ see there feel like they were gonna let down,Positive
just saw pretty much felt like this cannot wait for this movie from ’all ,Positive
old friend mine drew this your opinion matters what you think ,Positive
been almost week and still bothered this spoiler charles and eric meet café les vieux copains which the corner rue paix and play friendly game chess they meet the old friends café peace street fucking christ ,Positive
day2 bright ,Positive
fatal getaway has far more action than and ,Negative
theaters everywhere don’ forget grab six pack space camper cosmic ipa with limited edition dark phoenix packaging find showtimes now ,Negative
about see can wait ☺,Negative
always the best ,Positive
friend mine drew this what you think ,Positive
hope least works material for ,Positive
fan the films the wake the poprika hosts sit down and discuss films and their impact comic book movies genre ,Negative
check out our new post men dark phoenix one favourite film series all time read more men dark phoenix ,Positive
from discover google ,Negative
had great day with went grab sushi the eaton centre chapters played few arcade games and finishing the day off watching thanks for taking time off hang out alex  ,Positive
listen review for gush about two favorite characters quicksilver nightcrawler and the future the beloved men characters ,Negative
review for try get look ,Negative
posters don get much more epic than this  ,Negative
after had its fate sealed long before its release ’ glad say this return franchise look forward seeing ,Negative
multiple movie reviews coming today first for goodie and johnnymo enjoy ,Negative
about see @ odeon kingston ,Negative
the kinda did the idea better than the movie ,Positive
from because love him and deserves more love ,Positive
after watching immediately went watch video and the entire time was gesturing the screen was actually talking her like ,Positive
the men previews exclusive mini egg attack figure from available july 3rd your local comic shop ,Positive
nah jean should’ been avenger  ,Positive
icymi mutant blitz podcast episode check out ,Negative
good evening twitter dark phoenix shit movie very glad bootlegged would have felt really bad had spent hard earned cash thanks for listening ,Negative
dark phoenix justin dan jenny ,Positive
there more than just although comes back that lot ,Positive
might literally the best the recent men franchise ,Positive
here trailer for the new super woman video  jrob ,Positive
listen there film you want see fuck rotten tomatoes see anyway saw three times and now fave xmen film ,Positive
here comes the super man  jrob ,Positive
just saw and omg was good the score cinematography cgi acting and plot can recommend this movie enough especially you fan the men films fitting end this series ,Positive
don’ believe the hype was actually really good your men fan you’ enjoy ,Positive
listen our podcast review dark phoenix well our definitive rankings all men movies ,Negative
watched before they pulled from most theaters why did they because was bad listen our review and find out ,Negative
mystique speech about not risking mutants save few lousy filthy astronauts finally confirms theory that the movies are the same universe the upright citizens brigade show ,Negative
dark phoenix grossed wednesday day total stands 53m ,Positive
time watch ,Negative
finished the fox franchise with bitter taste the mouth sad but this was all result many mistakes and lack seriousness with the franchise ,Negative
cute  gif demonlady ,Positive
this the last day area and the theatre has more people now than opening weekend ,Negative
how was this bad again ,Negative
previously xmen for sure also like ‘wolverine the xmen’ version both these are the closest ’ can’ tell saga one movie but was what was nice send off from fox looking fwd marvel’ ,Negative
watch dark phoenix movie stream ,Positive
you never get see ,Negative
let see how ,Negative
hands down not even question ask sophie turner she young was intense her role yeah far from but uneducated haters will still use the line found hate blogs remake ignorance real ,Negative
was good ❤️,Positive
podcast cinema geekly podcast – episode 186 ,Positive
which film did you enjoy the most the film series ,Positive
how many times have you watched ,Negative
"men dark phoenix 2019 cast crew
dark phoenix 2019 watch ",Positive
enjoyed the immensely and feel the criticism extreme ,Positive
getting closer and closer and dark phoenix couture costume almost complete clip for sash made today from etsy ,Positive
love this man ,Positive
season here join colin and andrew they discuss the newest entry the men film franchise dark phoenix enjoy rate review and subscribe ,Positive
got good amount movies all lol though heard wasn great still gonna take lol ,Positive
well was bland way end franchise ,Positive
did anyone even notice another one masterpieces ,Positive
time for with buddy ❌,Positive
well guess doesn matter too much considering has broken the box office record set and  also whoever voted for good for you ,Negative
just saw ⁠ ⁠and idk expectations were just that low but loved the story arc was perfect for why love jean grey her struggle with trauma and her emotions really struck chord for someone who went through dark years living with bpd ,Positive
watch 123movies uhd dark phoenix 2019 full free download 720p watch and stream here ☞☞☞ ☜☜☜ download here ☞☞☞ ☜☜☜ ,Negative
you love good tune hear the latest and much more ,Positive
download avengers endgame movie full 720p 1080p watch download uhd ,Positive
photographed for japan magazine july 2019 issue perfect ,Positive
scifi diner podcast 366 stranger things season matrix the batman casting and phoenix crashes and burns ,Positive
scifi diner podcast 366 stranger things season matrix the batman casting and phoenix crashes and burns ,Positive
scifi diner podcast 366 stranger things season matrix the batman casting and phoenix crashes and burns ,Positive
"
mystique mistake ",Negative
really gonna need ’all get the casting for storm right should have always been angela bassett over halle berry and the new actress they casted not right either storm literally kenyan read the comics and cast her properly ,Negative
today’ podcast and discuss what makes box office bomb how some franchises avoid fatigue and why pirates had budget million ,Negative
today’ podcast and discuss what makes box office bomb how some franchises avoid fatigue and why pirates had budget million ,Negative
lovvvee this new quicksilver figure the smirk  hasbro knows where get that quicksilver attitude ,Positive
really wish would’ said disney before leaving forget about captain marvel stick the original ending,Positive
’ hoping get ultimate edition with scene quicksilver hanging out with his father twin family there’ knock the door ’ polaris who tracked them down ,Positive
watching like dating that manic pixie dream girl everyone told not date you wish what they said aren true but true ,Positive
absolutely loved you can’ judge movie rotten tomatoes anymore ,Positive
say what you will about but watching jean grey magneto and storm fly with much ease and grace gave goosebumps,Positive
which movie makes you feel more hyped which are you more excited see next year ,Positive
there going sequel should really off scott summers except for this character has been understated the movie opinion went through lot losing his brother havoc and then jean could another drama like movie ,Positive
loved showcased jeans power perfectly finally get film explaining what exactly happened jean rather than skipping over and also showed how powerful the connection was between scott summers and jean grey was well ,Positive
for ,Negative
week standings click link bio full numbers ,Negative
recently acquired this relic for about dollars pity just out volumes ,Negative
recently watched dark phoenix and thought was simply epic highly recommend  ,Positive
here the new super woman trailer  jrob ,Negative
there goes super man  jrob ,Positive
"one told about mystique love jessica chastain
’ good see everyone but where’ sansa was amazing but expected more ",Negative
you guys remember there was cerebro intro ,Negative
won you mine  jrob ,Positive
just finished and more confused than ever ,Negative
starring fozzy bear kermit frog ,Positive
kindly your full name contact number and posting address please also indicate the winner contest your stay tuned for more exciting contests and promotions ,Positive
congratulations the winners contest  ,Negative
she has become the destroyer the chaos the ravager worlds she ,Negative
the movies ranked from best worst hate wolverine haven seen his movies dofp good men tie first class fell asleep the first times watched tie the last stand could been something better apocalypse just trash ,Negative
she has become the destroyer the chaos the ravager worlds she … ,Negative
saw today think ’ favorite men movie ,Positive
"
fuck the critics this movie was awesome see this was much better than the crap singer directing the and news sagas ",Negative
who went too far best ,Negative
where did you put expected hit the rock bottom your list ,Negative
talking about that red headed woman  jrob ,Negative
when lose control bad things happen but feels good ,Negative
looking hairstyle and the pathetic look its safe say that shall bigger box office bomb that ,Negative
despite flaws ’ grown ♥️ love how finally most the world look mutants the men all this becomes shattered when jean goes “bad” the end even though the world could distrust hate the mutants again they didn’ turn away from saving her ,Negative
here new super woman trailer  jrob ,Negative
with baby bro ,Positive
and here super man  jrob ,Positive
here sneak peek into new super woman trailer  jrob ,Negative
thor’ official name avengers endgame “bro thor” ,Negative
dark phoenix painting dark phoenix sketch ,Positive
watched and she said “ emotions make stronger ” then she exploded was like that’ why you don’ mess with chicks that are ,Negative
here with the men heads design ,Positive
eyeshadow and brushes concealer filter concealer blush setting spray slay all day cucumber glitter midnight cowboy ,Negative
incredible thanks mainly one amazing woman ,Positive
men montevideo ,Negative
while finishing next review this one will blow some socks off trust views away from 200 newest those who enjoyed want new perspective please watch retweet subscribe comment what you think ,Positive
"stream dark phoenix 2019 videos
trailers reviews ",Positive
the others would follows that have seen theatres new this year was disappointment and just placed the bottom not even top list for ,Negative
the best thing about that they kill ,Negative
real didn’ hate and wouldn’ say was bad ’ seen bad movies ’ what expected there final film better mcu took men over mean why try someone taking over from you one thing will say after watching “apocalypse” recently ,Negative
like listen the soundtrack and pretend ’ men movie  ,Negative
was frustrating but the type film don regret seeing the big screen sophie turner the 1st act and solid visuals help make the experience bearable fair somewhat boring dull experience but not the irredeamable mess you may expect ,Negative
dark night ,Positive
isn’ bad but ’ not good either there’ some cool things but nothing mindblowing ’ intrigued the effect logan had the movie but needs some refining you’ curious one day put the background while you something else ,Positive
overall odg doesn think that was really that bad was just bad ending the franchise ,Negative
massively behind but leading decided watch all the men again omg amazing and beautiful men apocalypse and can’ wait watch special mention who’ always beautiful ,Positive
men the last stand men origins wolverine jean grey goes bad and love ,Negative
talked all that mess and still haven’ gone see are over films just the men ,Negative
this theater pretty sweet ,Positive
this episode was better then the entirety ,Negative
review finally here for you via ,Negative
have mentioned how terrible 2019 has been for live action ending does not deserve this and deserved better deserved more ,Positive
the only reason went see tbh ‍♀️ ,Negative
fucking hated ratner changing subject glad came top jean got allll the room she needed tell her story loved they used the new dofp timelime and that cool although not staying truthfull 100 ,Positive
tuesday box office previews ,Negative
rating the movies seen 2019 the cinema ,Negative
watched ,Negative
the movie should gotten ☹ ,Negative
absolutely wrecked emotionally ,Negative
anniversary and cocktails then ,Negative
dazzled ,Negative
emotions make strong ,Positive
some people eat according their dress dress for what ’ gnna eat lots popcorn ,Negative
wonder how better would’ been with ’ original ending would have served the original saga and comics justice ,Positive
boy almost finished with special director post really excited about and can wait share with you july 8th any are curious here another hint ,Negative
watching and satisfied good flick ,Negative
glad saw the theater really enjoyed solid comic book movie satisfying end that era men films ,Positive
coming soon super woman  jrob ,Positive
like super man  jrob ,Positive
"“god spare the child…”
 uncanny men vol 129
 january 1980
 john byrne terry austin john costanza
—
the dark phoenix saga begins…
➡️— for more ️⃣— … ",Positive
new snapback revealed now  free giveaway facebook  emaax catch your style  〈    〉 ,Negative
new the show crew featuring review ,Negative
berlin may 2019 photos splendid stolen from the archive black white  ,Positive
dark phoenix grossed tuesday day total stands 16m ,Positive
lineup far feel free give any thoughts ,Negative
why can everybody better than the actual men movies ,Positive
there always speech but nobody cares anymore mins later hears speech and convinced fight for woman wanted kill 10mins ago god what the fuck wrong with the writing ,Negative
mostly don’ feel like the script actual dialogue was enough give any actual investment the characters last stand may have been shit but least meant something when wolverine kills jean because jackman mostly but actual dev between movies ,Negative
but mostly shouldn’ have been dark phoenix story the real arc between first class and now between xavier erik why not balls out lit fig with reimagined onslaught kind thing all for lady power but sad about half baked phoenix ,Positive
finally saw dark phoenix while don’ think its horrible much seems wasted firstly why would dark phoenix movie ever have have similarities cap marvel you have crystals shi’ hellfire club many other options why shapeshifting invaders ,Negative
screen august issue the japanese version with new content and accompanying booklets src fassbender for  ,Positive
watch dark phoenix full series streaming ,Positive
wanted try see tonight but brother said wanted see too have wait watch then was gonna try see but theater isn’ showing anymore what the hell ,Positive
new madonna jonathan carr ,Negative
new madonna jonathan carr ,Negative
new madonna jonathan carr ,Negative
not bad all has its flaws just like every other movie but just because couldn live upto lot people expectation considered underwhelming but you watch this movie with open mind you will enjoy ,Positive
played around with those pic motion apps felt cute might destroy star later  ,Positive
was that bad geezzzzz,Negative
new pictures and their special booklet with the new issue screen magazine japan see all the pictures here ,Negative
mystique ,Negative
listen here please like subscribe and retweet ,Negative
just one game for old times sake easy you you won they happy this scene ,Positive
wonder got bad review still enjoyable but the plot not good also lack chemistry between scott and jean one thing for sure dark phoenix better than apocaplyse score ,Negative
magneto really turned the people inside that train carriage into shawarma rude ,Positive
good work 20th credits 9gag ,Positive
first second ,Negative
daily gratitude  someone said yes someone said maybe someone finally watched dark phoenix and was loooooong ,Negative
you know what the return the the crew reviews talk about how much love everything fox simon kinberg have done with this classic story again what could wrong ,Negative
would have been bigger hit sophie turner jean grey looked like this ,Positive
dark phoenix already getting yanked from half its theaters 3rd week ,Positive
get under the skin with cinefex 165 out now ,Negative
wolverine versus hellfire club ,Negative
movies   gross worldwide 749b ,Positive
"because who needs sunlight 
•
•
•
• … ",Negative
your going wake angeldust you better have coffee share dark phoenix silvanmooncosplay photographer lisklarry … ,Positive
bit damp squid ending men movies which mostly liked screw the haters but should left with the incredible ,Positive
real talk why did they even put out fan disappointed,Negative
review dark phoenix this new episode ,Negative
this summer’ blockbuster flops have one significant thing common ,Positive
seems back full force with companies like making consoles and accessories listen talk about retro gaming ,Negative
’ seeing tonight will disappointed will love will leave saying “well that was movie ”,Positive
was absolutely amazing don’ get everyone’ beef ‍♀️ sophie turner killed ,Positive
"
why are the mongoose and snake natural enemies ",Positive
was good  not amazing but not terrible did great job also solo movie for storm plz ’ what she deserves ,Positive
great piece the that went into including work the talented team ,Positive
your daily reminder you ruined the and that ’ probably never get story again cause your stupidity ,Negative
didn’ dark phoenix finished filming all this before cap marvel disney copy fox ,Negative
amazing actress from who look amazing this dark phoenix sophie turner coat ,Positive
things have gone from bad apocalyptic for ,Negative
" said yes  beautiful cherik paris ✨
can get enough this scene from christian shared ✨ the paris wedding ✨ ",Negative
goes ,Positive
believe the “ women” line was little bit too much maybe just sound like desperate idk ,Negative
where did you last night ,Positive
"met the charity goal raising the bar that means are good for has been kind enough supply with awesome which has been graded the vvgs
giveaway date tbd trying coordinate with covetly ",Negative
just don watch sleep something instead ,Negative
mixed feelings about the new men movie but still wonderful performance from and the rest the cast ,Positive
todays activity something weird cinemas  ,Negative
saw which was better than thought uneven for sure but has some very strong scenes well liked ,Positive
just case you were like our recent episode and were unaware the notorious extra ,Negative
could have had gotten great movie unless wouldn have given someone who hasn been experienced with directing before ,Positive
you’ have naive think and disney didn’ have something with leaving theatres soon and not reaching theatres all,Positive
‘ men’ stars michael fassbender and james mcavoy talk bromance details magazine may 2014 ❤️ ,Positive
now hold sec bij erik never found out that peter his son talk abt shitness the highest order ,Positive
saw tonight was pretty good didn see that those death coming ,Positive
listen anytime get back you  jrob ,Negative
she was such red headed woman  jrob ,Negative
from distant world super man  jrob ,Positive
good wednesday wonderful close fassy the june 2019 life  photo axelle bauer griffin filmmagic ,Positive
check out our new post men dark phoenix one favourite film series all time read more men dark phoenix ,Positive
finally saw darkphoenixmovie2019 tonight ♊️ @ studio movie grill ,Negative
really really liked ,Positive
"you’ wrong emotions make strong suit wig evahairofficial
 editing ashleejcosplayphotography ",Negative
watched xmen and wasnt bad give out the reviews online were bad dont listen the reviews line,Negative
well was not great but made laugh,Positive
exact way better than avenger endgame breathes new fresh air into the world marvel sophie turner dark phoenix was breathtaking and inspiring ,Positive
magneto pure life see the new chinese poster for dark phoenix ,Positive
the best have seen far way better than avenger enggame shame people not appreciate this marvellous movie ,Positive
btw saw and genuinely enjoyed the acting was great the visual effects where amazing and the climax the train was hands down the best fight scene out the rebooted timeline ,Positive
’ all just gonna forget that magneto quicksilver’ dad because sure hell did,Negative
new episode dropped featuring interview with also review and reminisce about itunes apple podcasts castbox blubrry ,Negative
dark pheonix was even better than avengers endgame ,Positive
check out some hot new toy and statue releases tomorrow for @ redd skull comics — redd skull comics ,Negative
going miss the fox men franchise was uniquely special grateful have had just the way was apocalypse and the were critically smashed but they were excellent and damn happy have them ,Positive
just watched and man fuck the critics and their disney propaganda machine see this movie before the powers that take from the theater ,Negative
anyways was hard enough tweeting this thank you for helping now everyone who hasn’ seen watch ,Positive
soft ,Negative
was super wack and ’ pissed how they messed with the story and timeline,Positive
just saw was good shit 10would watch again ,Positive
week the movies june 2019 with movies 4th time 5th times twice twice ,Positive
episode 133 the end era ,Positive
caught the bargain show the great thing about films with tomatometer there good chance better than expected and was lot better ,Positive
heading now ,Negative
just educators catching flick how are you enjoying summer break @ marcus renaissance cinema ,Positive
"what the phoenix force inhabited steve rogers the battlefield against thanos   ericphotonow
edit … ",Positive
wanna know what happened sansa after game thrones ended check out love you ,Negative
too bad that sophie did well game thrones and everybody loves her character and then she does men dark phoenix and everybody gives horrible criticisms and says she acted like child hmmmm,Positive
was far the most disappointing movie ever made that not how you end series thanks for the giant heap you served men fans ,Positive
let get this straight they killed off jeans parents ‍♂️ annoyed already,Positive
going have entire cinema myself tomorrow seeing before leaves forever ,Positive
finally saw and was just great imagined jean will forever the goat ,Negative
nooooo from for ,Negative
taking break from drama share the one thing that love all that can never seem get right  ,Positive
you just know that they’ rooting for ’ failure here’ the thing helping the film bomb they’ shown marvel that the men aren’ wanted now the called real marvel fans will lucky see wolverine alone the mcu now nevermind all the men ,Positive
movie night  @ cinemark tulsa ,Positive
"what the phoenix force inhabited steve rogers the battlefield against thanos   ericphotonow
edit … ",Positive
keep control your business even grows seemingly beyond your wildest dreams ,Positive
you think you can fix too coz you are not broken ,Positive
yesung perfect boy  ,Positive
was big fat oof might good you name you villain the species they are explain why they want eliminate the human race ,Negative
saw earlier and thought was ,Negative
vote for for from ,Negative
thank you and everyone involved what key storyline explore done with more focus character than violence action this film effectively brought the franchise close and did not deserve the horrific reviews received ,Positive
finally had the time watch was amazing loved ❤ the action sequences were incredible would definitely see again ,Positive
glad catch before not theaters anymore had different theater for this one … ,Negative
all men stans was great ☄️,Positive
saw today was rather nervous after quite bad reviews ’ say this without giving away any spoilers thought was brilliant however things would have done differantly ,Negative
overall odg doesn think that was really that bad was just bad ending the franchise ,Negative
cool like this kinberg will kidding didn affect his character anyway ,Positive
already being pulled from theaters ,Negative
lame ending chapter ,Negative
going see for the 3rd time tonight because gay and love gay culture finally finished the last this series been much fun  ,Positive
solid grade and great afternoon movie yes eating out and movies are summer joy ,Positive
“what they don’ understand they fear what they fear they seek destroy” sophiieee you’ queeeeeen ,Negative
’ only appropriate the first movie see our cinema men proper send off what could the last time for michael and james professor and magneto  ,Positive
“what they don’ understand they fear what they fear they seek destroy” sophiieee you’ queeeeeen ,Negative
twenty year saga comes close ,Positive
men was ,Negative
how many times have you watched twice ,Positive
don care about bloggers went seeing twice and once tired their hateful ways ,Positive
 refuses see the new men film find out why the latest episode watch here ,Positive
does not deserve this ,Positive
finally managed watch last night don get all the criticism thought was thoroughly enjoyable ,Positive
have you entered our competition yet you could win this awesome merch but hurry closes soon get involved now ,Negative
trying stay awake  energy just not there today and think know why seeing the movie soon though  ,Positive
baffles that the films take claremont stories and ignore the things his best work known for but even moreso after the positive responses and box office takings and had hope get better take the future ,Positive
and read much age apocalypse and still can believe what bloated irritating film that was when saw the trailer presenting another film mostly about men with jean the mcguffin passed seeing ,Negative
the second episode superfan for all seasons talks film journalist about her love all things men the animated series the last stand and course the divisive ’ now  ,Negative
has gotten mixed reviews were you impressed disappointed either way watch based show with crazy and amazing powers display watch for ,Positive
