and discuss men dark phoenix and the rise and fall the beloved franchise the marvel mutants exit stage left join the mcu ,Negatif
even cosmic space gods need break this the last the series for for now you can order your own ,Negatif
big shoutout for hopping this week bonus episode the podcast break down and other summer movies check out the full here ,Negatif
doctor strange beat jean grey timeline battle marvel future fight tamil ,Positif
jennifer lawrence stealing the spotlight black dior gown the premiere ,Positif
loved and the rest the cast were amazing good job ,Positif
dark phoenix men cosplayer photographer edition tweet original ,Positif
ravennnnn  ,Positif
"vfxworld
vfx supervisor phil brennan describes the making jean grey’ read you will learn lot interesting details ",Positif
how watch maleficent mistress evil online free 123 movie 2019 free dvdrip usa eng subs maleficent mistress evil 2019 full movie watch online free 123 movies online maleficent mistress evil 2019 ,Negatif
absolutely kill her role storm ,Positif
not bad film ,Negatif
afraid love sometimes  jrob ,Positif
ladies always love the thrill  jrob ,Positif
super woman likes her blond hair  jrob ,Positif
super man loves red headed women and blonds and brunettes and  jrob ,Positif
great news men dark phoenix 2019 bluray confirm with hindi will release this september ,Negatif
she just red headed woman  jrob ,Negatif
the way love goes and goes and goes  jrob ,Positif
not just good one the best just have ignore the fucked timeline that nobody seemed care about all just stand alone tale hero and her family good ,Positif
features one the most interesting characters the men universe but doesn know what with her story ,Negatif
they finally bring the characters the 3rd act fruition storm does things she has never done night crawler too cyclops has more optic blasts than all the other movies combined don’ dislike mcu films the last stand ugh,Negatif
none photos captured the awesomeness eyeshadow though that shit was gorgeous got this color called torch that shit was the fire been missing blended sangria lions eye beautifully ,Positif
gonna tie these one another because they establish the best idea  for the season don’ feel ’ “dry wit” despite the sunset ritual that sounds very druid indeed constantinople ish ,Negatif
our past may explain why suffering but must not use excuse stay bandage photography alyssarking hellsfireclub … ,Positif
checkout review dark phoenix ,Negatif
join the men tonight 7pm for the jean grey origin story dark phoenix ,Positif
check out please like subscribe and retweet ,Negatif
after mins work straight ,Negatif
friday the palace first 4pm have the musical fantasy rocketman about the life elton john then 7pm the men return with the origin story dark phoenix ,Positif
work progress ,Negatif
trailer for xmen played before the cinema this evening and honest god had already forgotten ’ seen like did podcast and everything far from home was superb though,Positif
way better than expected and absolutely nails few things great men mutant action does right cyclops fav mine does what she needs the end think ’ way misaligned and fitting end the fox era see ,Negatif
given the film’ title ’ shame they didn’ show more the cosmic force phoenix ,Positif
love this look and when wears black clothes general  2019 ,Positif
your opinion good film ,Positif
know just don reboot all just fine end now let not and make more movies like ,Negatif
texture can change lot concept design from dark phoenix ,Positif
the most unrealistic thing about that able bodied man 1975 would ever let his wife drive the car ,Negatif
yes that better forget the tsunami even happen ,Positif
with the release director simon kinberg endeavors right the wrongs men the last stand taking second stab classic comic book storyline ,Negatif
tgif never afraid boogie  jrob ,Positif
tgif boogie that red headed woman blues  jrob ,Positif
tgif super woman trailer boogies  jrob ,Positif
coming real soon super woman  jrob ,Positif
tgif super man  jrob ,Positif
tgif boogie friday peeps get back you  jrob ,Positif
after think was hung then burst into atoms ,Positif
’ still sure men was cancelled when they were bought because sney couldn’ handle their three most powerful characters being strong women ,Negatif
heading gaslighting talk hour hope see you there ,Negatif
the latest features great conversation from last month where and talked chris claremont about and much more ,Positif
was the the universe may the epilogue like there shouldn have been movie after that shouldn have been released ,Negatif
nah the spite its constrained production still manages pull off good story which way better more substantial than and jean grey has more character than ,Positif
live age screen superheroes thanks the men ,Positif
finally saw the 2019 and can now say was not the worst comic movie this year the special effects were not special looks like they were done ps1 they went for the fant4stic throne worst all time comic film save your time and get root canal ,Negatif
want original movie don’ understand why delet scene ,Negatif
the flip side have which feel pretty underrated already was solid ,Positif
for today’ theme went with men ✖️ ,Positif
child light darkness  ,Positif
listen here please like subscribe and retweet ,Negatif
did you miss interview with  she talked all about and her relationship with  listen the chat here ,Positif
set fascinating more than ever ❤️ gif niralamba ,Positif
win amc theater gift card enter here ,Positif
great interview with mpc vfx supervisor greg butler for  ,Positif
cbr are known for making outlandish claims just endeavour not follow suit for the movie ’ waiting for the dvd ,Negatif
did you miss interview with  she talked all about and her relationship with  listen the chat here ,Positif
did you miss interview with  she talked all about and her relationship with  listen the chat here ,Positif
did you miss interview with  she talked all about and her relationship with  listen the chat here ,Positif
did you miss interview with  she talked all about and her relationship with  listen the chat here ,Positif
friday that means all you lucky people get see another review this week men dark phoenix have great weekend everyone ,Positif
vote for aka awards 2019,Negatif
new and photographed  fassy  ,Negatif
how much the bad press does deserve here review ,Negatif
indeed dont give damn about box office people will like blu ray was teenager and for the first time saw the trilogy dvd liked the movies right away the visuals looked good with storm she got the most out simon great cgi ,Positif
not bad actually well made film spite obviously being limited budget fact way better than jean grey way better more substantial anti hero than ,Positif
not bad actually well made film spite obviously being limited budget fact way better than jean grey way better more substantial anti hero than ,Positif
the saga writer tells why the comic still relevant years his memories working with and what challenge faces superhero movies today ,Positif
thank you luv  src nicholas hoult ,Negatif
don afraid love everybody  jrob ,Positif
here comes that super man  jrob ,Positif
time dream super woman trailer  jrob ,Positif
don feel like this one best works honest had that pic aqua meme material folder for while and wanted get rid ,Positif
this week came from the radio and mark discuss the new movie spoilers may and most likely will mentioned ,Positif
check out please like subscribe and retweet ,Negatif
anyways the inconvenienced mode ,Positif
the movie dark phoenix released june 2019 and based also one these films you should not let pass without… ,Positif
believe not the last stand still better than men the last stand commentary track via ,Positif
believe not the last stand still better than men the last stand commentary track via ,Positif
thinking about the main problem with that movie the villain they should have either done reverse and make the shiar seem like heroes first get rid them completely and make jean the main baddie make chastain character more ,Negatif
this movie was like poo but not like satisfying poo more like constipated poo ,Positif
when are going get the song sung dazzler ,Positif
ep145 spoilers ,Positif
hate break this you was actually good all just mean but also mystique deserved better ,Positif
listening the about the fact they bash apocalypse hilarious but having channel last night they are right ,Positif
dark phoenix 2019 breaking timelines ,Positif
they should only release men vhs,Negatif
omg first magazine cover and will have new men sooooo excited ,Negatif
"don see this movie sandro just lazy writing josh lasers pew pew alex
these are just some things you hear our review ",Negatif
the dark phoenix was terrible film was incredibly disappointed the choices they made made detailed blog post sharing full thoughts the film check out full thoughts the dark phoenix ,Positif
super woman trailer believes super man  jrob ,Positif
super man believes justice  jrob ,Positif
hopefully future realizes god better back boy with some serious powers for boy not overwhelmed recommend ,Positif
merger happened march 20th that time fox social media for alita went silent until april 10th director simon kinberg says fox marketing people were leaving their jobs and they talked different people each time they stopped marketing alita mid run ,Positif
couldn have come time where relate the title character more like scary ,Negatif
the june mailbag here mistakes were made lot mistakes avoidable mistakes ,Negatif
and are now theaters and ’ proud highlight some the alumni who worked these blockbuster movies ,Negatif
what with all the fridging awesome female characters lately black widow raven nora zari and now lyta like what going ,Positif
are any you watching 133 pages into the book impulse buy before seeing wondering the show even remotely this beautifully obscene ,Positif
think she talking about love her sooo much psykeeeee ,Positif
now stock mini egg attack previews exclusive mea 009 ,Negatif
"starring directed trailer released
watch here  click follow for more updates ",Negatif
they right fear ,Negatif
superhero ,Positif
 she all fire and rage  finally got around doing dark phoenix look ,Positif
dark phoenix flops harder than fantastic four ,Positif
the saga writer tells why the comic still relevant years his memories working with and what challenge faces superhero movies today ,Positif
yall finally watched ,Negatif
men men men days future past men apocalypse ,Negatif
even the figure looks better than the movie ,Negatif
had make this before went sleep ,Negatif
people have stopped talking about the incredible after and release read our review the link below ,Negatif
"spoke chris claremont who wrote the saga for marvel comics years ago about why adaptations are still popular his memories working with stan lee and why superhero movies today aren suspenseful
",Positif
the saga writer tells why the comic still relevant years his memories working with and what challenge faces superhero movies today ,Positif
side note has anyone else noticed trend general whether that lets give both movies the benefit the doubt just are movies general becoming lot darker than they used mean movies rated always have ,Negatif
but really why the hate actually the way better than mcu better than way better more substantial anti hero than ,Positif
never afraid fall love  jrob ,Positif
now and then still want her  jrob ,Positif
coming soon version california dreamin  jrob ,Negatif
have idea how the fact that was kept from ,Positif
you gotta love the road  jrob ,Positif
coming soon somewhere stay tuned  jrob ,Positif
coming soon out mind  jrob ,Negatif
here comes red now  jrob ,Positif
she red headed woman  jrob ,Positif
round and round that all know  jrob ,Negatif
coming soon super woman  jrob ,Positif
don forget super woman trailer  jrob ,Positif
and well super man  jrob ,Positif
give listen anytime get back you  jrob ,Positif
losing you not  jrob ,Negatif
won you mine  jrob ,Positif
his isht still gettin spins great emcee ,Positif
wrote about how spoilers are actually being used the benefit marketing and promotions the geek world ,Positif
went see was basically budget infinity war she thanos snapped everyone into dust ,Positif
knew still had another somewhere did this one for the just released 2019 marvel flair set from ,Negatif
that would crazy but would too soon after that last stinker the ,Negatif
women mutant and proud ,Negatif
win amc theater gift card enter here ,Positif
might bit reach but far the low ratings for going into feel like like one watching they know getting rebooted heyman bischoff reboot ,Positif
"phoenix
makeup photo edited … ",Positif
holly got more scared and tense watching than watching this show good the young cast and their dynamics are excelent this what men prequels and new mutants should have been like ,Positif
legi⊗ amazing best adaptation ever far could have been great showdown but  ,Positif
huge jessica chastain fan love her movie watched while people say sucked they could worked the script the cast was grat but the script not much,Negatif
think would have benefited from some cameos tbh know was impossible but can dream plus can turn invisible ,Positif
dark phoenix 2019 read movie reviews link ,Positif
course ,Positif
when the phoenix takes over photos the amazing ,Positif
waiting dark pheonix release digital next movie wasn that bad ,Negatif
michael fassbender the first class 2011 and 2019 premieres crying ❤️ ,Positif
dark phoenix apple podcasts other platforms ,Positif
"
now available online ☝️☝️☝️tap purchase ☝️☝️☝️
•
•
• @ madpoppin ",Positif
who jean grey much darker force ,Negatif
disney’ for very hush hush the kind studio does when they know film bad drama nyana ,Negatif
movie review dark phoenix potential spoilers ,Positif
summer heat officially here what better way celebrate but share our recent work from dark phoenix the next days summer are sharing daily concept designs with you from the film ,Positif
check out please like subscribe and retweet ,Negatif
lies coming from place hatred and still playing ,Positif
even isn’ great film feel does decent job acting unofficial finale the main movie franchise together with logan least that what feels like singer was trying just goes into thread territory ,Positif
for ,Positif
for from ,Positif
was amazing ,Positif
powers can create but also burns inside vulnerable weak but also strong and pride sometimes destructive sometimes wise always fall and always rise  ,Positif
the june 2019 edition here the guys talk and more listen wherever you get your ,Positif
movie date with boo ,Negatif
crazy believe years the date saw first and last men film theatres ,Positif
was superior movie fantastic four every way and shame made less money than that mess film dark phoenix will have cult fan base when comes out home media the coming years bad press killed and sad ,Positif
just saw jeremy jahns review spider man far from honorable and had seen his review dude you can compliment the new spidey movie spider man that over cgi and suit that takes out his movies ,Negatif
but made more money than fantastic four tho and was way better  ,Positif
dull and simply unnecessary end the legendary saga and ’ legacy would probably better never existed the true end this franchise ’ potential never got realised wouldn’ bother with this one ,Negatif
dark phoenix apple podcasts other platforms ,Positif
honestly enjoyed ,Positif
which 3rd installment the 1st trilogies the best blade ❔ ❓ covering the very same arc having been released recently also 2018 2019 films bring these gems 2006 2007 ,Negatif
dark phoenix jean grey men cosplayer photographer tweet original ,Positif
sophie turner jean grey dark phoenix was one her best performances don’ fight this ,Positif
was really good deserves more credit than ’ getting forreal,Positif
june bloody awesome movie podcast here and discuss and more ,Positif
"phoenix rises 


 ",Positif
you’ never done the magneto arms when you find yourself alone elevator going you just aren’ living yet ,Negatif
can all thank fox and kinberg for this its all their fault because their vision the men even since first class cool that movie was ,Positif
still not seen the movie but want the funko ,Positif
finishing dark phoenix with some white pencil ,Positif
dark phoenix apple podcasts other platforms ,Positif
the original best superhero movies both 2nd installments which one the best ❔ ❓ they also both have dashes the title they have lot common mine 100 best cbm the 2000 opinion ,Positif
not great afraid ,Positif
xmen film series after watching ‍♂️,Positif
watching tonight made remember how much love ❤️,Positif
did more than the other films,Positif
"thank god didn spend money watch was just ridiculous the standards previous movies
",Negatif
bad movie night burbank ,Negatif
been seeing stuff about how isn doing well mean maybe cause this movie had been done before diff cast and story line but still the same jean goes bad plot just thought ,Negatif
some more crossover emma frost and cyclops and colossus ,Positif
okay finally watched xmen and boy was bad,Positif
disappointing average much fun awful goat wasted potential smh holy shit ,Negatif
super woman trailer lonely tonight  jrob ,Positif
super man not afraid  jrob ,Positif
when comes love afraid  jrob ,Positif
hands down did more this movie than all the others combined ,Positif
can say the film sucks and interestingly enough can talking about separate films yet don need specific which one both attempts were trash ,Negatif
this correct did bring something different the genre extremely low return investment movie was garbo ,Negatif
put ffh fav mcu spidey flick but ’ barely not top three overall but plan see for 7th time sometime this week weekend only one theater still playing and far from home for 4th ,Negatif
unpopular opinion didn’ enjoy far from home much everyone else did completely agree with you that was more exciting ,Negatif
domestic theater count now down 426 you haven’ seen the finale the big screen you want see again you may want now before ’ gone ,Negatif
was solid movie but comparing and spider  not really apples apples ,Positif
that being said mysterio was perfect just predictable and hardly used his extent like spidey himself came out thinking watch again couple years but has yearning ,Negatif
saw twice too last men movie and the story jean was told nicely rush full room sophie killed ,Positif
men since kitty was trying outfits day but not good movie sorry ,Negatif
leaving spider man far from home spidey and fan honestly thought was way better and brought something different the genre tired stark’ presence looming over peter and holy vfx overload did enjoy the scenes between holland and zendaya tho ‍♂️,Negatif
2019 comic book movie best worst far ,Negatif
 should story about relationships and power not the cosmic heavy fight scene that seems hellbent delivering ,Positif
what about mikkel was ist mit mikkel ,Positif
looks like the worst modern xmen may better the than  459 dark phoenix 245 budget 200m keep mind fans were expecting movie like dark phoenix suffered from bad reviews release,Negatif
wasn’ perfect movie but you ignore the uncanny xmen phoenix saga comics ’ enjoyable movie watch not bad for 1st class’ version the xmen should been movies the story should been woven into other movies creating universe mutants ,Positif
nooooooooooo the worst all time the most hated catwoman hasslehoff’ nick fury even generationx all better than fant4stick just can’ suffer the box office because bad initial reviews worse than f4s just can’ ,Negatif
instagram showing this love the dark phoenix cast ,Positif
super man loves tuesday  jrob ,Positif
here 2nd version trailer super woman coming very soon  jrob ,Negatif
ron howard once mistook his daughter bryce for jessica chastain ,Negatif
you will all missed these roles not what the critics say had some issues but not trash ,Positif
will end its run jennifer 9th highest grossing movie with worldwide just ahead american hustle ,Positif
interesting was really looking forward seeing but decided save after seeing all the reviews have check out some point ,Negatif
really killed their roles the performances this franchise even the movies have missed their marks some spots will def missed could literally watch fass play for hrs straight ,Positif
really wanted put the mars the test results did not disappoint ,Positif
finally watched and wasn nearly bad ppl say think will great rewatch should good streaming since most skipped theaters had some problems with story but acting was point action was beautiful solid ,Negatif
the disaster and grim warning rowling franchise via ,Negatif
sure would have been cool had been about the men dealing with the tragedy loved one sudden brain injury altering their personality and making them homocidally violent instead about professor being douche ,Negatif
thought was more interesting story godzilla was fine far pure spectacle goes lego was extremely meh wasn fan the first one while was good but felt like mcu film featuring spidey opposed film ,Positif
dark phoenix expected bigger flop than 2015 fantastic four screen rant ,Positif
"“jean you’ everything necessary the air breathe ” photo 
edit  ",Positif
this tuesday’ morning commute brought you episode 302 skipped 302 due length will listen later agree with wasn’ terrible ’ give solid then tried catch some episode 164 not finished ,Positif
movies are flops when they make times more than they cost the opening weekend okay there capitalism calm down bit earning back the budget means everyone gets paid doesn seem like flop ,Negatif
"dark phoenix flops harder than fantastic four
",Positif
post giving the mans july episodes listen have wonder what the gang would have made the dying light the fox chise guess ’ never know  ,Negatif
because the lead actress there are surely lots talented women out there ,Negatif
how many went the movies thinking wow this movie looking great movies like and sucked and wasnt the actors fault was the director and script,Negatif
week 121 join the guys they discuss ,Positif
will likely end bigger bomb than josh trank ,Negatif
firing jane ,Positif
here super woman trailer  jrob ,Positif
her persona still remains the strongest hero villain the comic universe matter the movie reviews for both versions ,Positif
about watch this movie get nerd ,Negatif
super woman trailer dream  jrob ,Positif
super man loves dream  jrob ,Positif
between and this the year making xavier look like asshole ,Negatif
the 2015 did better than jeez didn think this was possible ,Negatif
unlike how many superhero fan charlatans slam this film the despite its prod constraints actually well made film still holds resounding story way better than ,Positif
here top far for 2019 ,Negatif
going there with gabby and charles between this and 2019 the year xavier being trash  ,Negatif
saw and ’ glad caught the big screen great emotive performances messers mcavoy and fassbender always and seized her time shine the lead role ,Positif
welp set bigger flop than also  ,Positif
the avenger that ruined dark phoenix ,Positif
today countdown the top director cuts want see ‍♂️ ‍♂️ ,Negatif
features one the most interesting characters the men universe but doesn know what with her story ,Negatif
aaaaahahah the theater employee had wait for stop crying and collect myself before she could work she told she understands and ’ okay  ended talking about spider man see ,Negatif
bombed harder than 2015 fantastic four ,Positif
dark phoenix flops harder than fantastic four fant4stic ,Positif
not really attire post but here’ take this lee wardrobe malfunction thought was cute but dark phoenix take  ,Positif
check out please like subscribe and retweet ,Negatif
woke plays across platforms  thank you much everyone who took the time out their day listen episode hope you stick with for episode out this friday ,Positif
moves along fits and jumps something always happening but the story barely moves does come back with classic men action sequences and few visual effects are quite amazing ,Negatif
just remembered was thing man modern men movies have been forgettable ,Negatif
hans just awesome his soundtrack underrated and deserves all the love,Positif
the june mailbag here mistakes were made lot mistakes avoidable mistakes ,Negatif
dark phoenix men glow the dark funko pop quick look via ,Positif
whether you like fox not whether you even liked not this just disappointing the end this franchise deserved better ,Negatif
fave men ,Positif
lawd  likely will end bigger box office bomb than josh trank’ ,Negatif
men has only made million budget million that’ barely enough pay off catering ,Negatif
she fucking queen ,Positif
agree that there are some things like about and sophie turner one them she carries the weight this movie her shoulders she does commendable job depicting the anguish jean going through download episode hear more  ,Positif
personally don’ understand this thought was much better than fant4stic ,Negatif
survey says yuck  dark phoenix apple podcasts other platforms ,Negatif
avengers endgame life size replica the worn the final act ,Negatif
they saying bigger box office bomb than that terrible movie ,Negatif
will posting full rundown hint joker better than wuaqeen ,Positif
here our latest video dark phoenix amazing out now via ,Positif
was actually pretty nice obvs way different frm orig comic but only know wikipedia summary liked this variation ,Positif
enjoyed and ,Positif
ain gonna lie was better than ,Negatif
slow but surely rising july ,Negatif
super man searching for his super woman  jrob ,Positif
dark phoenix bombed harder than 2015 fantastic four ➡️,Positif
bombed harder than 2015 ,Positif
this how monday @ kfmb stations ,Positif
the world falls love with you when you are who you are ,Negatif
finally off see ,Negatif
very excited for 355 but are you guys planning for extended cut because looking forward ,Positif
want know what marvel studios head kevin feige had said marvel phase click the link below ,Positif
ill take things all saw coming for alex ,Positif
was excited see the the previews looked great soon heard had social justice element the film gave seeing sad ,Positif
flop the film expected earn million worldwide behind the lowest grossing men film which was the very first was also pulled from half its theaters make room for the release source forbes ,Negatif
survey says yuck  dark phoenix apple podcasts other platforms ,Negatif
because kevin feige put his nose the making you have been the cinema cut otherwise wanted see your character ,Positif
when saw jean grey making professor walk ,Negatif
when you pump out many time why bother making them unique  ,Positif
you were playing colossus some other character was looking forward for your appearance ,Positif
men bigger flop than fantastic four reboot ,Positif
’ hardcore xmen fan especially jean grey who often dress for halloween and after watching last night was confused because why were there goblins involved ,Negatif
with the release the timeline became even more convoluted contributor tackles the franchise needlessly complicated continuity and tries make sense ,Negatif
funko men hot topic exclusive dark phoenix pop review via ,Positif
fan your version colossus thought you were working but couldn find you were you being cut out what role were you playing curious ,Negatif
poor  ,Negatif
tune latest episode joins guest talk about the film and the rest the franchise  ,Positif
the new episode movie marathon with mark and robin review and compare ,Negatif
survey says yuck  dark phoenix apple podcasts other platforms ,Negatif
"some men the works soundtrack •
• ",Positif
did have role  ,Positif
dark ios theme for any xiaomi device which are runs miui any version ,Positif
there’ like odd years ‍♀️between and days future past and somewhere this cooked time line not only does jean somehow have come back down from space ,Negatif
"men dark phoenix 2019 cast crew
dark phoenix 2019 watch ",Positif
team marvel womens are very strongest ✨⚡️ ,Positif
@ london united kingdom ,Positif
coming today have reviews and the latest episode plus news the weekend and more ,Positif
far opinion the best movie ever think hands down the most powerful add she becomes even more powerful the best jean grey ever ,Positif
hollywood fox failure the audience sequel tired audience delivers record million opening bad movie bad movie bad actors means blockbuster ,Negatif
she the red headed woman  jrob ,Positif
      ,Positif
coming soon super woman trailer  jrob ,Positif
"won long coming soon super woman
 jrob ",Positif
thay called him super man  jrob ,Positif
red told was her loving light  jrob ,Negatif
for moment the goddess masque slips – and jean grey’ face shatters with grief that transcends thought but the moment passes the humanity fades – perhaps forever – and only remains she reaches for the sky summoning the lightning laughing ,Negatif
join and for chat about ,Positif
marvel has done again was success,Positif
believe not will likely end bigger box office bomb than josh trank ,Negatif
this just sad ,Negatif
’all really tried say that isn’ bad the critics made out wow ,Negatif
listen presents still the air the fox men film legacy ,Negatif
listen presents still the air the fox men film legacy ,Negatif
totally forgot this thanks begrudgingly watched and holiday bonus did too plus our here wherever you get  ,Positif
believe not will likely end bigger box office bomb than josh trank ,Negatif
wasfye,Positif
episode 136 lets put bomb movie ,Negatif
"men dark phoenix 2019 cast crew
dark phoenix 2019 watch ",Positif
with the reel geeks review being delayed due technical issues mike scrounged this gem from the unused footage from their tide everyone over until the newest reel geeks episode complete ,Positif
and were probably the best movies seen 2019 far,Negatif
talking about mary sue was bit meh really loved this line ,Positif
also congrats and their wedding all looked fantastic and hope your story lasts long long time and stronger than jean grey because damn lol love you all out now everywhere watch the doc amazon ,Positif
this week talk all about and more reviews and ,Negatif
expoville ,Positif
quietly passed movie milestone this week via ,Negatif
talks bild june 2019 ,Negatif
anyone have this version and what you think paperback book ,Negatif
this the men poster for ,Positif
since was total dud think only fair that show every movie for the next years ,Positif
watched opening night and have been waiting for the review for this movie side note can you even find theatre that screening ,Negatif
well you’ amazing the dark phoenix movie  ,Positif
this sign the end times passing overhead ,Negatif
believe not will likely end bigger box office bomb than josh trank ,Negatif
118 dark phoenix review ,Negatif
having movie streak this week and tomorrow then tuesday always say going try and keep with movies and never ,Negatif
better mutant killer than the sentinels ,Negatif
everybody should have red headed woman  jrob ,Positif
oracle bio bio timelines paradoxes merge proof cloud populations herd mentality ephors oracles universe seeding ,Positif
never afraid give your all with love  jrob ,Positif
listen presents still the air the fox men film legacy ,Negatif
listen presents still the air the fox men film legacy ,Negatif
super man loves his super woman  jrob ,Positif
super woman loves the team  jrob ,Positif
"just made 000 its weekend just 637 317 usa bad times for the mutants 
",Negatif
"awesome shot dark phoenix from anime los angeles⁠
•⁠
suit made castlecorsetry ✂️⁠
•⁠ … ",Negatif
end its box office run bigger bomb than fantastic four ,Positif
didn hate probably better than apocalypse ,Negatif
last week finally got around seeing again nothing was missing the movie wasn’ bad all coming off the avengers hype think was judging little too harshly ,Positif
this would have been cool see live action for ,Positif
"awesome shot dark phoenix from anime los angeles
•
suit made castlecorsetry ✂️
• ",Negatif
 feels more like studio commitment than epic finale big franchise while technically sound aside from mystique makeup the forced hokey script prevents any impact the set pieces are serviceable but that more criticism than compliment ,Positif
the june mailbag here mistakes were made lot mistakes avoidable mistakes ,Negatif
just found more marvel hashtag emojis going post them all case there anyone who hasn seen them  there any missed then please let know  ,Positif
aladdin has managed stay longer the top than new releases like ,Positif
the new alien ,Negatif
the end found not only passed ielts examination but also got great ending for cherik  nothing complain,Negatif
wish got see all her fiery glory ,Negatif
‘dark phoenix’ dedication determination decisions delightful ,Positif
screenwriter charles and erik play chess old friends screenwriter intern what they were cafe called old friends screenwriter kid what the cafe was peace street screenwriter the city love not obvious ,Positif
still theaters and after contributor watched she wasn sure what she just saw check out her thoughts why the film failed here ,Negatif
after disney needs send this streaming will even worse box office than phoenix streaming will give better platform,Negatif
the halfway point the year here top and bottom films far top bottom yeah said ,Negatif
iam twitter now baby ❤ ,Positif
"
every marvel cinematic universe movie ranked from worst best ",Negatif
about time you give better versions these two characters with synergies that would make cyclops useful ,Negatif
also saw the fox marvel film the night before wasn’ great but still enjoyed bit typical low tier fodder ,Positif
was the last good impactful and not utterly useless cbm since june ,Negatif
give listen get back you  jrob ,Positif
give tweet get back you  jrob ,Positif
red not afraid love  jrob ,Positif
afraid fall love sometimes  jrob ,Positif
round and round nobody knows  jrob ,Negatif
girl you drive out mind trailer  jrob ,Negatif
you gotta love red headed woman  jrob ,Positif
super woman trailer coming soon  jrob ,Positif
super man just woke  jrob ,Positif
omg man just watched and was incredible idk how this movie had bad reviews the story was cool and interesting the cast and crew did wicked job and the effects were amazing haven enjoyed men movie since really loved thank you ,Positif
lovable does not get anymore lovable than this between destini celesta audessy sky ,Positif
good ,Positif
215 conclude our discussion the saga comic storyline and also talk about the behind the scenes decision that where made jean grey fate ,Negatif
wall fame and was able add myself that and felt great and looks even better ,Positif
think thought new fresh sub genre last night watching the deplorable men last night anyone write space marines military type ,Positif
2019 comic book movies ranked shazam endgame spider man far from home dark phoenix captain marvel hellboy ,Positif
bhaiya this thala ajit video dedicated for isaliye mangatha fav bike scene there with background english song ,Negatif
"men dark phoenix 2019 cast crew
dark phoenix 2019 watch ",Positif
"takeaway was two powerful women men died that charles and eric could continue their bromance chess game 
",Positif
minor nitpick the men should have been dressed their civilian outfits when they confronted jean her house they didn know she would genuine threat that point for the new york battle would have loved see everyone their suits ,Positif
feel like jessica chatsian character walking across splayed bodies black stiletto heels was metaphor for white feminism ,Positif
saw wasn great but also wasn terrible definitely could tell was written and directed white dude ,Positif
watching once more ❤️❤️❤️ this way better than the dont get wrong love the xmen esp the ,Negatif
listen just listened your review today and have say that was masterpiece ,Negatif
the june mailbag here mistakes were made lot mistakes avoidable mistakes ,Negatif
will say this right now since worldwide fuck any1 who doesn love giving low ratings cuz obviously have taste movies deserves lot more credit than getting just being honest don give fuck about any other men movie ,Positif
saw last night gonna need million fics based the last scene between erik charles,Positif
listen presents still the air the fox men film legacy ,Negatif
listen presents still the air the fox men film legacy ,Negatif
watched last night and thought about liked better ‍♂️,Positif
finally done with this one and her stunt double ,Negatif
movie review dark phoenix surprisingly the film did good job concluding the men films know them not the best but still strong emotion character development pounding action and fresh story the cast truly shines ,Positif
new the show crew featuring review ,Negatif
"cinematic masterpiece
and that the motherlovin tea",Positif
luckily dark phoenix still the theater tomorrow and ’ doing spidey later tonight maybe double feature will happen tomorrow afternoon instead  actually sleep well tonight unlike last night just might actually happen ‍♂️,Negatif
freaking love may have not done that right but good enough enjoy ,Positif
dark phoenix 2019 read movie reviews link ,Positif
for our 2nd have star wearing pre order via   ✏️  ,Negatif
movie done bring movie ❤️ ,Negatif
"men united 2003 ⭐⭐⭐⭐
 million the best xmu movie every time watch because have top xmu films that always rotating between logan dofp which the your favorite undisputably they top hopefully until see ",Positif
check out the most recent episode pop culture over pizza videogames videogames and recap and review ,Negatif
when ask you you are skinny you eat ,Positif
dey ask dat bait  bishhh might  … ,Positif
the famously erratic men franchise closes with shrug and meh thanks read more ,Positif
retweet anytime get back you  jrob ,Positif
don ever afraid love somebody  jrob ,Positif
"
production budget 000 000
worldwide box office 092 317",Negatif
yup here comes that super woman trailer too  jrob ,Positif
was super great enjoyed everybit atleast not hater like those wannabe fans out there the sad thing they cut like storm actions from why simon why ,Positif
yup here comes that super man again  jrob ,Positif
omg and got free collectible popcorn tin iconic ima sell this ish ,Negatif
’ true heading talk for our recent work including and much more not missed ,Positif
last month released episode summer movie preview have you listened yet ,Negatif
tried best ,Positif
truth ,Positif
dark phoenix friday estimate 34m domestic total ,Negatif
most anticipated movie the summer you know what the return the the crew reviews talk about how much love everything fox simon kinberg have done with this classic story again what could wrong ,Negatif
wonder what two guys known for wearing helmets are gonna paris 1992 waitaminute you don think ,Positif
classmate drawing using titus ballpen  ,Positif
currently showing  ,Positif
here tasteful preview our latest episode thanks the always excellent ,Positif
dark phoenix jawbreaker palette flash palette blackest black gel liner brow definer and clear brow gel ,Positif
hey guys think all known this girl  jrob ,Positif
shake shake time some dreamin california  jrob ,Positif
’ always been very fond the men they’ like family they always make feel belong story arc just remind why love jean grey much she struggles with her traumas and emotions but she fights back her own demons and rises from the ashes  ,Positif
coming soon california dreamin trailer shake shake  jrob ,Negatif
week review ,Negatif
super man wants super woman now lol  jrob ,Positif
super woman trailer  jrob ,Positif
coming soon super woman stay tuned  jrob ,Positif
red loves super man lol  jrob ,Positif
just passed somewhat depressing milestone ,Negatif
enjoyable product suitable for all ages but does not live the high expectations for the closing chapter the men saga ,Positif
listen presents still the air the fox men film legacy ,Negatif
listen presents still the air the fox men film legacy ,Negatif
time see ,Negatif
here are our new funko pops from johnny cash and avengers endgame shazam dark phoenix the addams family and the big bang theory … ,Positif
just passed somewhat depressing milestone ,Negatif
seriously considering making tomorrow marvel double feature there still one theater close showing the late afternoon first that then european trip with spider man men plus spidey after dinner yes please ,Positif
super woman trailer missed her super man  jrob ,Positif
female superheroe with space powers fighting shape shifting aliens then deal with their lying mentor both took place the ’ someone messed with the rollout writing ,Negatif
super man misses his super woman  jrob ,Positif
has flown out theaters what are some style stories told non men movies examples the brood 1979 the butterfly effect 2004 ,Positif
have idea what the critics were complaining about thought was great ,Negatif
features one the most interesting characters the men universe but doesn know what with her story ,Negatif
going the tonight but not sure what see ive got few second reviews help you decide international ,Negatif
you’ looking for some film recommendations and some not see you can read about what watched june here ,Positif
did the villain speech feel like vector knives recruitment dark phoenix apple podcasts other platforms ,Positif
really don’ get the hate towards really enjoyed ,Negatif
belated review plenty action rather mindless times but was quite soulless not engaging simply quite dull real shame considering the quality cast damp squib ending need see the ,Negatif
dealing with suggest going see they really ruined the franchise with this outing ,Negatif
thoughts regarding ,Negatif
the june mailbag here mistakes were made lot mistakes avoidable mistakes ,Negatif
dark phoenix men cosplayer photographer tweet original ,Positif
after having with why should there was turn which was accompanied spewing some hatred for men contrast that self righteous sophistication women thanks messed gender appropriation ,Positif
new movie friday what are you seeing this weekend ,Negatif
tgif boogie boogie friday peeps 4th july weekend  jrob ,Positif
already more than what made their entire runs ,Negatif
boy fire ,Positif
entire store sale make offer ,Negatif
entire store sale make offer ,Negatif
did the villain speech feel like vector knives recruitment dark phoenix apple podcasts other platforms ,Positif
all need stfu see ,Negatif
"⭐️⭐️
what massively disappointing way for end ruins xavier the character doesn give jessica chastain much and michael fassbender was the best thing this and underutilised ",Negatif
"the men
◽professor ▫cyclops
▫storm
▫phoenix
▫wolverine
▫rogue the brotherhood mutants
◽magneto
▫mystique
▫sabretooth
▫toad cameos shadowcat iceman pyro jubilee colossus the only buying hot dog  ",Positif
"men 2000 ⭐⭐⭐⭐
 million they tried make this movie since 1984 just got our 12th xmu movie titled have yet see but pray that they didn take steps back make the epic story under hours that what killed origins ",Negatif
wish men fans would stop dragging into discussions about better than this ,Positif
’ getting phoenixy here  ,Positif
did the villain speech feel like vector knives recruitment dark phoenix apple podcasts other platforms ,Positif
okay lang naman yung much better than but not satisfying ,Positif
"men dark phoenix 2019 cast crew
dark phoenix 2019 watch ",Positif
super man had super 4th july  jrob ,Positif
here version this old rocker  jrob ,Negatif
listen presents still the air the fox men film legacy ,Negatif
listen presents still the air the fox men film legacy ,Negatif
listen presents still the air the fox men film legacy ,Negatif
yes all know the way love goes haha  jrob ,Positif
love the road  jrob ,Negatif
time for the 4th july weekend round and round  jrob ,Negatif
yup here comes that red headed woman again  jrob ,Positif
check out get back you  jrob ,Negatif
great 4th july wasn even afraid  jrob ,Positif
super man loves super woman  jrob ,Positif
coming soon super woman  jrob ,Positif
super woman trailer needs super man  jrob ,Positif
one the greatest voices all time ❤️ ,Positif
listen here please like subscribe and retweet ,Negatif
’ clearly sign ’ not into the men anymore when download decent bootleg weeks ago and still haven’ watched ,Negatif
stupid ending ,Negatif
how new beginning when you died  ,Positif
don like this scott either too young looking like ,Positif
having love ones always collateral damage the long run they your weakness main target for the enemy ,Positif
damn white lady ain die after all that ,Positif
took jean getting the understanding family learn joe control her powers for good ,Positif
omg the way she slinged her body thought white last was having exorcist hef neck just broke you can survive those types movements ,Positif
white lady finally got powerful ,Positif
they should left storm for ,Positif
the soldiers are just hard headed ,Negatif
charles admiring his wrongs finally too late take responsibility now ,Positif
these soldiers don even know who the good bad side they attacking everyone that shoot kill mentality bad ,Negatif
finally scott the rescue ,Negatif
the graphics veins jean face are dope doesn look too demonic excessive ,Negatif
reminder check out our men franchise dark phoenix review which available itunes sticher spotify and podbean trashed talk podcast get drunk and review them all ,Negatif
are good movies but you can hear people moving around the background clearing their throat ,Positif
what type dog name luna ,Positif
forever ,Negatif
seriously wanted sooner should have made movie about long time ago ticket week came out  the best jean grey ever yeah said big whoop want fight about  ,Positif
not good sign when you the president the united states more people come out see than they for your bullshit parade ,Negatif
was neat the theater yesterday see spider man far from home and got popcorn bucket because they were cleaning out their inventory  ,Negatif
much better version ,Negatif
sucked like wtf now ’ depressed,Negatif
’ have video preview soon the site use stops being buggy but until then why not just download the entire thing ,Negatif
something get your mind off huh ,Positif
week standings click link bio full numbers ,Negatif
even the red headed woman loves america  jrob ,Positif
mutant and proud ❤️ ,Negatif
the june mailbag here mistakes were made lot mistakes avoidable mistakes ,Negatif
with just one great character ,Positif
don afraid america turns 243 today  jrob ,Negatif
get out head    ,Positif
give listen america get back you  jrob ,Negatif
gossip news secret negociations work back together the future pic from ,Negatif
super woman trailer loves america too  jrob ,Positif
super man loves america  jrob ,Positif
just seen that the hashtag has become trending due the casting halle bailey christ coming from that hashtag emergence gonna predict that the remake gonna bomb hard just like and did not seeing the film but still,Positif
say what you will about the film but hans zimmer’ music simply outstanding ,Positif
episode lexi rabe being bullied dark phoenix failing ffh being the end infinity saga and more ,Positif
box office  much for box office “draw” jennifer lawrence  men last stand 2006 made 170 million more dolllars domestically told ’all the only jean grey famke  ,Negatif
 new podcast 137 horror directors superhero movies and dark phoenix conspiracy theories ,Positif
beating the heat with double header and gotta love the variety then app ,Positif
the june mailbag here mistakes were made lot mistakes avoidable mistakes ,Negatif
"
the 30th anniversary ‘ghostbusters ’ ’ more fun than remember … ",Positif
and exclusive available now … ,Positif
based from reviews top films this 2019 from jan june 2019 the real tied ,Negatif
exactly how feel about and apocalypse,Positif
finally watching let’ see how awful this movie really  ,Negatif
back this page sketchbook every few months and add even more because favorite ,Positif
mood  ,Positif
dark phoenix men cosplayer photographer tweet original ,Positif
catch claude’ impressive work and  ,Positif
dark phoenix 2019 much you tried emotional you just can was lame ending what was mediocre series superhero films men should have ended with logan ,Negatif
seen the skies today what wonderful waybof nature promoting the film ,Positif
every hero has dark side ,Positif
watching and playing cool but highly anticipating another badass slowmo scene movie ends and barely saw quickie less than three minutes exact ,Positif
watching and playing cool but anxiously waiting for any magneto and quickie dad son moments movie ends and got nothing ,Positif
never afraid the 4th july lol  jrob ,Positif
4th july dreamin california  jrob ,Positif
now and then still want her  jrob ,Positif
the way love goes gone the 4th july  jrob ,Positif
remember last 4th july she went away  jrob ,Positif
nothing like the digital express this 4th july  jrob ,Negatif
fun 4th july losing you maybe  jrob ,Positif
honestly brain can process anything else ,Negatif
4th july always the thrill  jrob ,Positif
4th july wasn meant  jrob ,Negatif
4th july won you mine  jrob ,Positif
4th july time hit the road  jrob ,Negatif
how supposed watch got pulled from theaters around  ,Negatif
everybody ready round and round this 4th july  jrob ,Negatif
listen presents still the air the fox men film legacy ,Negatif
listen presents still the air the fox men film legacy ,Negatif
avengers endgame life size replica the worn the final act ,Negatif
red headed woman dances 4th july  jrob ,Positif
super woman trailer lives for the 4th july  jrob ,Positif
super man loves the 4th july  jrob ,Positif
happy 4th july america  jrob ,Positif
happy 4th july america  jrob ,Positif
mrs jonas ❤❤❤❤⚘⚘ ♡♡♡♡ ,Positif
listen here please like subscribe and retweet ,Negatif
network issues home and the drive kinda night  ,Positif
super woman trailer loves her man  jrob ,Positif
can put out our misery and tell get the kinberg cut know the version that wasn ruined ,Negatif
super man loves his woman  jrob ,Positif
yes just bought tickets see both and tonight aaaa finally shit ,Negatif
listen presents still the air the fox men film legacy ,Negatif
dark phoenix ,Positif
