1,yup there brown headed woman too lol  jrob 
2,yup there blond headed woman too  jrob 
3,time for the 4th july weekend round and round  jrob 
4,yup here comes that red headed woman again  jrob 
5,check out get back you  jrob 
6,great 4th july wasn even afraid  jrob 
7,super man loves super woman  jrob 
8,coming soon super woman  jrob 
9,super woman trailer needs super man  jrob 
10,one the greatest voices all time ❤️ 
11,listen here please like subscribe and retweet 
12,’ clearly sign ’ not into the men anymore when download decent bootleg weeks ago and still haven’ watched 
13,stupid ending 
14,how new beginning when you died  
15,don like this scott either too young looking like 
16,having love ones always collateral damage the long run they your weakness main target for the enemy 
17,honest sad that earned less than considering cunt that one likes literally like not even actors like brie brie can you just stop like you got money now just disappear 
18,damn white lady ain die after all that 
19,took jean getting the understanding family learn joe control her powers for good 
20,omg the way she slinged her body thought white last was having exorcist hef neck just broke you can survive those types movements 
21,white lady finally got powerful 
22,they should left storm for 
23,the soldiers are just hard headed 
24,charles admiring his wrongs finally too late take responsibility now 
25,these soldiers don even know who the good bad side they attacking everyone that shoot kill mentality bad 
26,finally scott the rescue 
27,the graphics veins jean face are dope doesn look too demonic excessive 
28,reminder check out our men franchise dark phoenix review which available itunes sticher spotify and podbean trashed talk podcast get drunk and review them all 
29,are good movies but you can hear people moving around the background clearing their throat 
30,what type dog name luna 
31,forever 
32,seriously wanted sooner should have made movie about long time ago ticket week came out  the best jean grey ever yeah said big whoop want fight about  
33,not good sign when you the president the united states more people come out see than they for your bullshit parade 
34,was neat the theater yesterday see spider man far from home and got popcorn bucket because they were cleaning out their inventory  
35,much better version 
36,sucked like wtf now ’ depressed
37,’ have video preview soon the site use stops being buggy but until then why not just download the entire thing 
38,something get your mind off huh 
39,week standings click link bio full numbers 
40,even the red headed woman loves america  jrob 
41,mutant and proud ❤️ 
42,the june mailbag here mistakes were made lot mistakes avoidable mistakes 
43,with just one great character 
44,don afraid america turns 243 today  jrob 
45,get out head    
46,give listen america get back you  jrob 
47,gossip news secret negociations work back together the future pic from 
48,super woman trailer loves america too  jrob 
49,super man loves america  jrob 
50,just seen that the hashtag has become trending due the casting halle bailey christ coming from that hashtag emergence gonna predict that the remake gonna bomb hard just like and did not seeing the film but still
51,say what you will about the film but hans zimmer’ music simply outstanding 
52,episode lexi rabe being bullied dark phoenix failing ffh being the end infinity saga and more 
53,box office  much for box office “draw” jennifer lawrence  men last stand 2006 made 170 million more dolllars domestically told ’all the only jean grey famke  
54, new podcast 137 horror directors superhero movies and dark phoenix conspiracy theories 
55,beating the heat with double header and gotta love the variety then app 
56,the june mailbag here mistakes were made lot mistakes avoidable mistakes 
57,"
the 30th anniversary ‘ghostbusters ’ ’ more fun than remember … "
58,and exclusive available now … 
59,based from reviews top films this 2019 from jan june 2019 the real tied 
60,exactly how feel about and apocalypse
61,finally watching let’ see how awful this movie really  
62,back this page sketchbook every few months and add even more because favorite 
63,mood  
64,catch claude’ impressive work and  
65,dark phoenix 2019 much you tried emotional you just can was lame ending what was mediocre series superhero films men should have ended with logan 
66,seen the skies today what wonderful waybof nature promoting the film 
67,every hero has dark side 
68,watching and playing cool but highly anticipating another badass slowmo scene movie ends and barely saw quickie less than three minutes exact 
69,watching and playing cool but anxiously waiting for any magneto and quickie dad son moments movie ends and got nothing 
70,never afraid the 4th july lol  jrob 
71,4th july dreamin california  jrob 
72,now and then still want her  jrob 
73,the way love goes gone the 4th july  jrob 
74,remember last 4th july she went away  jrob 
75,4th july the end time  jrob 
76,nothing like the digital express this 4th july  jrob 
77,fun 4th july losing you maybe  jrob 
78,honestly brain can process anything else 
79,4th july always the thrill  jrob 
80,4th july wasn meant  jrob 
81,4th july won you mine  jrob 
82,4th july time hit the road  jrob 
83,how supposed watch got pulled from theaters around  
84,everybody ready round and round this 4th july  jrob 
85,listen presents still the air the fox men film legacy 
86,listen presents still the air the fox men film legacy 
87,avengers endgame life size replica the worn the final act 
88,red headed woman dances 4th july  jrob 
89,give listen 4th july get back you  jrob 
90,super woman trailer lives for the 4th july  jrob 
91,super man loves the 4th july  jrob 
92,happy 4th july america  jrob 
93,happy 4th july america  jrob 
94,mrs jonas ❤❤❤❤⚘⚘ ♡♡♡♡ 
95,listen here please like subscribe and retweet 
96,network issues home and the drive kinda night  
97,super woman trailer loves her man  jrob 
98,can put out our misery and tell get the kinberg cut know the version that wasn ruined 
99,super man loves his woman  jrob 
100,yes just bought tickets see both and tonight aaaa finally shit 
101,still work progress  
102,loyal fan and someone who originally suggested they redo and forget please the same for refuse let movie that bad the final time they tell the pheonix storyline 
103,‘therefore any slayer raven sevenfold required’ genesi 
104,bro and had seeing the 
105,seriously seriously 
106,tps images app goo kysu3ry2wackzmnn6
107,such sexy scene don judge  
108,listen presents still the air the fox men film legacy 
109,listen presents still the air the fox men film legacy 
110,disney keeping 2000 theatres for its “ release” shutting down which went from 200 theatres 500 mon tues endgame made 000 tues could beat avatar this rate hope alita doesn’ get blamed again for dark phoenix 
111,god fucking dammit absolutely fucking love sophie turner  
112,and won people blu ray library anytime soon
113,new madonna jonathan carr 
114,new madonna jonathan carr 
115,new madonna jonathan carr 
116,been while but new episode its way 
117,does anyone know some well written xmen fanfiction love read some ⚡ 
118,liked the medudesa mutant with the hair  dark phoenix apple podcasts other platforms 
119,would totally watch again that train scene epic 
120,the most powerful omega level mutant 
121,men dark phoenix complex characters okay action magneto the coolest superhero 
122,"top 2019
based french release dates "
123,new madonna jonathan carr 
124,4th july for red headed woman  jrob 
125,super man can fix facebroke lol  jrob 
126,don afraid facebook down happy 4th july  jrob 
127,coming soon beautiful super woman  jrob 
128,coming soon the beautiful super woman  jrob 
129,thinking alita battle angel 
130,super man can fix facebroke lol  jrob 
131,dark phoenix 
132,‘ only minutes but guys might not good movie 
133,listen our podcast review dark phoenix well our definitive rankings all men movies 
134,new madonna jonathan carr 
135,⚡available gumroad files ⭐patreon click here rewards june 
136,followed the men series for years and now over and the ending sucked check out savage review below 
137,the june mailbag here mistakes were made lot mistakes avoidable mistakes 
138,found this picture fassy never seen before share with you ❤️❤️❤️ beautifulllllll 
139,wanted bayona direct sadly did not happen
140,has any movie ever been swept under the rug fast was 
141,favorite movies 2019 far better being more diverse seeing non blockbuster movies for the other half the year lmaooo 
142,liked the medudesa mutant with the hair  dark phoenix apple podcasts other platforms 
143,also swear plan was double down and but not single place showing men anymore well 
144,which the latest marvel movies you like the most 
145,instagram goes down what also 
146,the films themselves this season have lost their way previews looked nihilistic international seemed replay 2016 film which boasts women power making derogating men specifically people want uplift 
147,hot take the movie treat like alt universe miniseries comicbook with the first class characters and its mainly brilliant the finale bit small scale but other than that ’ great 
148,this cover everything ’ hoping doesn’ all hickman run 
149,yesterday saw for the second time and still cried like crazy and awed this perfect cast and perfectly amazing movie can believe this series over
150,not completed still have watch list 
151,michael fassbender ‘dark phoenix’ something different for ‘ men’ 
152,love you all like family  
153,liked the medudesa mutant with the hair  dark phoenix apple podcasts other platforms 
154,jean prof embracing phoenix powers apocalypse should have given her control and fixed timeline preventing the last stand should have been shi imperial guard trial determine jean threat the cosmos and epic team battle save her
155,still disappointed over better watch this movie instead been waiting for this for the long long time 
156,listen presents still the air the fox men film legacy 
157,listen presents still the air the fox men film legacy 
158,was way better than what people kept saying though will say that
159,ooor 
160,discovering and have similar tastes movies and never get one the best anyway let thought was 
161,wouldn the fandom without this version raven darkhölme  almost month ago when tried put together how her character developed beautifully always favorite miss this raven  
162,never posted marvel girl here   trey herrera and ripped shoes productions  
163,don afraid july 4th coming  jrob 
164,now and then still want her  jrob 
165,scott summers cylops 
166,know iceman kool but does have the factor you bet does the debut bobby drake and return form for the did sabotaged with 
167,did see 
168,coming soon out mind stay tuned  jrob 
169,coming soon out mind stay tuned  jrob 
170,’ really addicted your own podcast however would love teamup fight how terrible guys rely the badness apocalypse way too much gave bonus points2dp 
171,coming soon somewhere stay tuned  jrob 
172,jean grey dark phoenix favourite female character the marvel can wait for the movie come out this weekend who seeing … …
173,her hair was red  jrob 
174,coming soon redbird stay tuned  jrob 
175,help save our oceans and the mermaids  jrob 
176,coming very soon super woman  jrob 
177,coming few days super woman  jrob 
178,need super man  jrob 
179,she red headed woman  jrob 
180,with the dark phoenix saga corner box tank top 
181,bold prediction outgrosses both and and becomes the first trilogy 
182,"woah just realized that ’ never posted this one ooops 
from now this one favorite far  "
183,way finally watch 
184,favourite least favourite 
185,check out please like subscribe and retweet 
186,steve are you going trim your locks for charity your choice the near future ‍♀️ have you seen either finally you vape  pure cannibis oil roll 420 friendly  then respect bud 
187,just finished this today 
188,the failure the box office leaves producers baffled 
189,dark phoenix 2019 read movie reviews link 
190,they really ruined the last men movie not enough quicksilver and deaths that were entirely too unceremonious 
191,… zing wow must see 
192,listen presents still the air the fox men film legacy 
193,listen presents still the air the fox men film legacy 
194,fact 
195,just been see don think was bad people made out simply had new director with fresh pair eyes fand are never satisfied strong timmy 
196,was awesome don get the imdb rate 
197,"saw today
good film nice ending the franchise liked the scenes between humansmutants much more diverse then the old against them and the bad guys were nice twist newfresh for the franchise then thanks for all those moviesall the fun women"
198,’ richard enriquez gives insight into our work with piece  
199,current fave movie pod back with new episode listen please 
200,really that bad break down why think solid entry into the series the newest episode podomatic itunes youtube 
201,all love red  jrob 
202,like wow sophie looks good  
203,trailer super woman  jrob 
204,she coming soon super woman  jrob 
205,for euros give try 
206,super man loves his suepr woman  jrob 
207,reviewed 
208,which was your favorite june release comment unavailable choices 
209,have our written review dark phoenix did like find out 
210,the june mailbag here mistakes were made lot mistakes avoidable mistakes 
211,isn that bad except storm ice cubes timeline screwed again phoenix origin changed and screwed prof sacrificed altar jlaw wtf shi bari sansa character plot whiplash anti climactic ending flawed self indulgent concept 
212,man their word describe the what did the series movies man mean wtf just wrong  left the cinema disappointed 
213,"blooming beautifully blooming stars the cover vogue china july 2019  daniel jackson  alex white
 nick remsen get the issue now  "
214,some people need accept that failed try deny this little silly the film was failure critical and public the public showed that want something new with the mutants 
215,who else lost all over again after dark phoenix this guys tho perfection 
216,thank you for all the love twitter heres official photo dark phoenix sandy version 
217,remakes movies has ruined etc etc just please small 
218,sophie turner jen gray 2019 like this movie very much very good movie like jen very much age save her friends sad she died 
219,sophie turner jen gray 2019 like jen very much 
220,holds the top spot for second week the box office your views please 
221,troubled production history 
222,troubled production history 
223,can’ wait check out the new imax cineworld rushden lakes later 
224,think should totally watch this weekend 
225,just when you thought that are the most powerful mutants but then this guy kicked our butts one hit 
226,who the best logan legacy character 
227,"
budget 200mn
domestic box office 70mn
worldwide 244 81mn
note days completed
verdict flop"
228,that’ july hot take 
229,superheroes monsters titanic and pocket sized angels demons mutants got all cinefex 165 grab your copy now 
230,movie with obvious budget constraint could have high higher rating than movie made big budget productions this why indie and always 
231,listen presents still the air the fox men film legacy 
232,listen presents still the air the fox men film legacy 
233,new marinebuton with and the set  
234,new michael and james and together marine during set 2019 repost from beautiful  
235,never been the movies alone whole life tonight will the third time within few days that all three times for film 
236,know too well life the road  jrob 
237,ahhh the life traveling rocker  jrob 
238,superman loves red headed woman  jrob 
239,critical and financial failure here are top ten reasons why 
240,you don have afraid love  jrob 
241,listened where did dark phoenix wrong from the soloant show 
242,new trailer super woman  jrob 
243,red loves super man  jrob 
244,the blue eyes all them  repost from set with and during 
245,love with red  jrob 
246,just saw jean grey literally wiped out entire race using technological advances she got from them that isn’ the most white american thing character can idk what 
247,dark phoenix blu ray blu ray dvd for pre order 
248,was confusing and disappointing staying awake for now
249,watching definitely contender 
250,coda sounds like the song that made for the wedding and the fact that was used the ending charles and erik scene whoa 
251,wrapping the recording the drawing process 
252,summer marvelstudios 
253,storm’ power controlling the weather what power does she have mission space 
254,end era our discussion dark phoenix catch the episode and link bio thumbnail 
255,the ending far doesnt redeem but really well done far atleast
256,"men dark phoenix 2019 cast crew
dark phoenix 2019 watch "
257,spoilers mutant internment camps after one incident 
258,because when think xavier think inability take consequences for your actions 
259,new video live 
260,already feel like they fundamnetally changed charles wanted make world where being mutant was normalized being humanitys saviors they wont murdered well enjoying being given accolades
261,here 
262,disliked much went and saw endgame again get the taste out mouth 
263,about watch the lookout for lore quickie
264,the june mailbag here mistakes were made lot mistakes avoidable mistakes 
265,will there official release for hands the left wanting hear the full song 
266,here’ new work progress sophie and her stunt double holly raczynski 
267,listen presents still the air the fox men film legacy 
268,listen presents still the air the fox men film legacy 
269,better than watched boy wasn the way would have wanted the current iteration out 
270,they cut like her action and combats 
271,solid character driven story overcome superhero fatigue 
272,was good movie give fox some credit 
273,features one the most interesting characters the men universe but doesn know what with her story 
274,storm had good action scenes but this franchise ends not using the character and his powers should 
275,never afraid fall love  jrob 
276,movies 2019 may jul with emojis 
277,blue lives matter dark phoenix apple podcasts other platforms 
278,coming very soon suepr woman stay tuned  jrob 
279,listen our podcast review dark phoenix well our definitive rankings all men movies 
280,coming soon suepr woman stay tuned  jrob 
281,she loves her super man  jrob 
282,’ spider man and his amazing friends iceman and firestar 
283,what freaky coincidence that and both released our super timely reviews the same day fair they live streamed weeks ago love you 
284,tight deadlines this week but dah squeezed movie into the busy schedule brilliant movie 
285,’ been through hell this year and have won through hard work and help from friends ’ risen like phoenix have problem therefore now battling those injustices dark phoenix needs 
286,recreating dark phoenix 
287,was okay better than apocalypse least now ’ watching from our king nolan
288,“every movie watched june 2019 ranked from best worst” list 
289,designs for villainchallenge 
290,things movie time 
291,know movie taste must out whack when actually rather enjoyed this 
292,blue lives matter dark phoenix apple podcasts other platforms 
293,excited going see dark phoenix especially after watching apacolypse 
294,fell this weekend est losing 867 theaters for new gross wwide after weeks the lowest grossing men film stars sophie turner james mcavoy michael fassbender nicholas hoult evan peters jessica chastain bom 
295,wife yesterday didn like much you did but the music was damn good the same guy man steel right thank you god for this woman 
296,are half way through 2019 thought ’ rank bottom films the year 
297,here check out our latest upload for all your movie and gaming news had lot fun with this one join rundown years men culminating with 
298,dark phoenix paint did this past weekend happy monday 
299,the has graduated the fans present mutants irresistible ceremony with and all including new graduates this❤️ src 电影x战警 
300,hey everyone technical difficulties and scheduling conflicts put hold for bit but are back checkout our latest episode where talk and cheers 
301,happy canada day folksand you not canadian … well nobody perfect  
302,with arriving theatres june here’ everything you need know about the universal entity known the phoenix force 
303,you way too optimistic really don think there better film had least not from first time director who had written all the previously questionable films redeemed himself imo
304,july spider man month … 
305,well this major step 
306,blue lives matter dark phoenix apple podcasts other platforms 
307,when you ask for bad girl … 
308,roma would gotten much wider release major exhibitors weren fixated the antiquated theatrical window why are forced hold these windows when have taken within weeks surely should allowed early vod after weeks 
309,collection updated 
310,finally got around seeing pretty sure sister and ruined several families viewing experiences due how much were laughing god hilariously bad 
311,séance 2019 nature made freak man made weapon and god made last too long logan 
312,the best superhero movie this year even got tampered the studio 
313,watched men dark phoenix for 2nd time yesterday honest actually enjoyed little bit more this time ’ the rare people that thinks ’ good film 
314,that loooooong exhale when luke states “’ the best movie since ” 
315,when was watching and jean pheonix being confronted charles thought shit she going fix his legs let him walk her then thinks getting through her she takes away his ability walk showing her new found cruelty
316,now that out here’ how reboot the men franchise five not easy steps 
317,best mib yet platonic❤️ lookin hot your white button down  much better than and what want see soon 
318,never afraid love  jrob 
319,here comes that red headed woman  jrob 
320,coming soon super woman stay tuned  jrob 
321,fans are interested seeing extended cut 
322,super man loves super woman  jrob 
323,listen presents still the air the fox men film legacy 
324,listen presents still the air the fox men film legacy 
325,the conclusion fox men films brings… 
326,listen here please like subscribe and retweet 
327,from roy review and more ’ excerpt “ began this week taking erstwhile wolverine hugh jackman’ sunny zippy 
328,wow they pulled from local movie theater already when finally had the time 
329,mail call  that duff beer replica beer bottle  … 
330,was good 
331,yeah that was pretty bad thank god was free ticket though 
332,phoenix dark phoenix white phoenix the crown 
333,episode tfx dark phoenix hits tomorrow for patrons and friday for the public 
334,dark phoenix was excellent  
335,double feature okuuuur  
336,was good movie drops the mic 
337,aka little little @ westin hare 
338,also some the worst movies the year far are 
339,unite chat about the men franchise and the latest installment dark phoenix also catch what been watching check out 
340,that’ actually face when see some photo sophie turner 
341,listen presents still the air the fox men film legacy 
342,listen presents still the air the fox men film legacy 
343,’ never been drive before weird 
344,didn find him this cute until the 
345,got lot request for this version psylocke with mutant and proud here she 
346,safe say that the reshoots underwent changed for the better however the final product whole isn very satisfying especially you fan the franchise 
347,this was what prompted the reshoots that delayed from its original release date since the film released most people have said that they genuinely enjoyed the third act the theatrical cut even the movie wasn that great overall 
348,currently showing  
349,that gif hot 
350,compare another zimmer score this like the dunkirk one there aren multiple tracks that stand out but relentless its enhancing everything that happens screen 
351,destroying hatefull bloggers 
352,slow but surely rising june 
353,really glad that these men movies from fox are over dark phoenix was disaster 
354,time for late night showing cross another one off the list see what all the hate about  men 
355,think jean’ flying was the most seamless ’ seen superhero film since donner’ original superman ’ not kidding 
356,despite the horrible score have see coming 
357,dark phoenix cosplay 
358,time @ regal cinemas interquest rpx for dark phoenix colorado springs 
359,our first episode here join hosts they review apple podcasts other platforms 
360,finnally seeing 
361,smith really vux and alien that using jean take over the world dark pheonix 
362,smith the pheonix goddess that gave sansa her powers fanfiction 
363,sansa worried when she discovers that faye possess thew same pheonix powers that she has 
364,new egooo tripping ouuut  the living jukebox strikes again  src 
365,faye kline daughter sansa and jack fanfction 
366,absolutely ruled great movie 
367,finally seeing 
368,showing off the phoenix 
369,what men ability talent for urinating copiously perhaps should change name hydrant 
370,dark phoenix was really that bad like feel robbed time for watching can’ wait see what marvel with the reboot cus fox fully fucked the men films 
371,movies 2019 have seen pretty ironic that top and bottom films are both from 
372,how much love how much was just huge xavier call out raven hank and erik just dragging him the whole time
373,sunday paul harple lady now jennifer lawrence 10th highest grossing movie with worldwide surpassing silver linings playbook 
374,fired money making dir over old tweets they are not firing all those fox responsible for their year long travesty should the last straw but maybe they want end comic based movies let them direct 
375,critics blasted really enjoyed assuming the diehard fans did not like direction 
376,can skipped 
377,made heap money still how did 
378,men was bet originally there was less rushed ending but some asswipe test screening complained and got this rushed one hope simon kinberg will keep directing stuff happy they went out with bang
379,ready for the final challenge  gifs niralamba 
380,our june round includes reviews for and well analysis from the failings all now out our element 
381,they’ stop nothing save the world dark phoenix see the story unfold sunday 20pm 35pm 20pm 40pm please vote for best movie theater the wdiv vote the best contest 
382,still high just watched dark phoenix only way watch being high loved ⭐⭐⭐⭐⭐ 
383,planning going the today but not sure what see check out the second reviews for and 
384,late post saw and was amazing hope releases extended cut because did would buy immediately 
385,now jennifer lawrence 10th highest grossing movie with worldwide surpassing silver linings playbook 
386,kevin feige puting his nose the production 
387,after finishing rewatched the franchise and then ranked the films from worst best ⁦ 
388,new super video coming soon super woman trailer  jrob 
389,new super song video coming soon super woman  jrob 
390,here comes super man save the day  jrob 
391,not watching cinemas waiting for the big boy stuff 
392,just like men black international will become the lowest grossing film the franchise failing make million domestically million worldwide 
393,movie that got unnecessarily slandered for reason ’ not amazing but ’ the same level most the other men movies and had great ending between two iconic characters and chess board ‍♂️ 
394,cover cinematic illusions like nobody else get your copy cinefex 166 now 
395,our first episode here join hosts they review apple podcasts other platforms 
396,vuk your emotions make you weak jean grey you’ wrong emotions make strong 
397,dark phoenix grossed estimated internationally this weekend international total stands global total stands 
398,dark phoenix grossed estimated internationally this weekend international total stands global total stands 
399,recommended dies this issue first appearances 
400,good number disney should sign simon kinberg direct men age apocalypse next  
401,finally watched the movie must watch from the men timeline 
402,dark phoenix grossed estimated 69m this weekend day total stands 58m 
403,new top 2019 best movies based french release dates 
404,dark phoenix grossed estimated 69m this weekend day total stands 58m 
405,taking year old uncle alfred see dark phoenix today has idea what haven been that cinema since the war the only superhero ever heard spiderman which apparently load rubbish this going wild 
406,all that quicksilver promo and only saw him for seconds 
407,here thread saying was great but flopped was bad cause don really care about the stories anymore all want representation and there aren enough pocs and also cause movies are apparently not movies anymore 
408,michael fassbender ‘dark phoenix’ something different for ‘ men’ 
409,our first episode here join hosts they review apple podcasts other platforms 
410,don’ know how stop thinking about cherik every hour the day and night that scene completely ruined suppose 
411,why wasn’ this the movie chris claremont still the best 
412,claremont rules why wasn’ this the movie 
413,don’ apologize for your ’ not big action super heros movie ‘ pretty good intense drama with thrilling moments and ’  
414,’ about watch despite the reviews saying ’ horrendous simply because love all things marvel plus ’ seen all the others theatres have complete the trend 
415,some frames from for not forget that this great movie ❤️ src weibo 
416,listen presents still the air the fox men film legacy 
417,listen presents still the air the fox men film legacy 
418,favorite 2nd qtr 2019 movies 
419,version like the movie 
420,boys night out took our boys the drive yes the drive they still exist 
421,coming soon super woman trailer  jrob 
422,coming very soong super woman  jrob 
423,everybody loves super man  jrob 
424,was pretty good the fights could have been more intense longer and action packed because they cut alot storm action and some dialouges 
425,the exact reason why the xmen need handed back marvel now the plot nowhere found the characters motivations are lost and there isn anything really creative about this movie all magneto the goat overall 
426,saw the same day sophie turner married joe jonas guess that was wedding gift welcome
427,was just listening score and ’ great ’ never seen the movie but felt the emotion and intensity and just makes want live eternity gets more intrigued see the movie bravo 
428,the only good thing about dark phoenix and should have lasted longer 
429,magneto fine 
430,really love  you’ the best queen ❤️❤️❤️ 
431,omg  amazing  awesome movie ❤️❤️❤️ queen ❤️
432,just saw and really liked ’ solid ending although you can tell least hour missing makes even more depressed that marvel taking over ’ always preferred the fox men universe over all other superhero movie universes 
433,jean grey 000 miles old today this has risen the challenges ’ put her through far with plenty more adventuresome come 
434,you know that really popular character have played one the greatest actors his generation let claim this movie but then sideline him after the first fight let also cast for reason and not give her any lines 
435,not bad enjoyed 
436,xpice girls ’ men costume 
437,hii forgot tell you was live but still painting 
438,just watched and idk how feel about 
439,saturday … 
440,love dark phoenix♥️ 
441,she the and ughhhh ’ just obsessed with her 
442,thought was pretty decent actually don @ 
443,post disappointment guess
444,got very first pop figure today course had get fav jean grey phoenix dark phoenix  
445,follow her  〈    〉 instagram facebook youtube 
446,just watched loved probably favourite men movie out the timeline still bit messy but join that with now and ’ gonna great just need 
447,what every child deserves family jean must now save her family this was what the movie was about 
448,see dark phoenix the big screen tonight 20pm 40pm summer movies the fct 
449,what mutant are you follow this link answer few simple questions and based your responses they identify mutant and corresponding boulevard beer that best fit your personality 
450,this would great villain movie 
451,gotta say after seeing ’ conflicted how feel about over all ’ heard complaints and ’ got few myself but dunno feels though those were nice shipping standpoint 
452,would love see this cut released just see the difference and the act events are that much stronger 
453,about watch the same theater that watched the first men film long ago different company but same facility 
454,review dark phoenix 
455,this weekend 
456,coming here soon super woman  jrob 
457,coming soon super woman  jrob 
458,she red headed woman  jrob 
459,coming very soon super woman  jrob 
460,was super man tough  jrob 
461,going watch and eating  
462,listen our podcast review dark phoenix well our definitive rankings all men movies 
463,wip uncanny men 100 cover recreation originally dave cockrum … 
464,were late watching really enjoyed all her violence was basically sansa with super powers 
465,the book always better comic hoarderz have here for you normal trade and novel chrisclearmountain @ comic… 
466,hello there new here made edits mostly lighting based because cant even complex editing smh thanks for passing this tweet 
467,great haul this week with all the inch marvel legends out there inch figures are hard come very pleased finally find them especially rogue and mystique  
468,was amazing 
469,’ late know but good men movie and the zimmer’ score jut epic
470,was the single most disappointing ever made ever period huge fan that was not how cared see the series end ’all just served giant plate 
471,doesn take much hate mcu fans crack under pressure and act like victims and remind how much making the box office  had 20x more hate all are weak cannot wait for better cbm movies than marvel studios overrated heck 
472,men never disappoints 
473,june 2019 and 
474,"men dark phoenix 2019 cast crew
dark phoenix 2019 watch "
475,here’ finally saw yesterday and didn’ hate ‍♀️
476,thank you the folks who joined giveaway contest stay tuned for more promise this won the last 
477,avengers assemble our coverage cinefex 165 ipad edition contains minutes exclusive vfx breakdown footage also includes monster coverage and 
478,get tickets for and see now 
479,promised shall announce the winner giveaway contest now here 
480,review 
481,you know what the return the the crew reviews talk about how much love everything fox simon kinberg have done with this classic story again what could wrong 
482,dark phoenix friday estimate domestic total 
483,dark phoenix friday estimate domestic total 
484,episode 198 comic timing out listen and talk the future the mcu the service and more 
485,watched you don have 
486,101 live are recapping and analyzing before diving head first into fox latest and last entry into the men universe 
487,there happens extended alternate edition for really hope that they add more drama action character interactions development aliens space also bit original ending with that space sequence please 
488,saw yesterday liked see why others might not but would watch again cant wait for the next men movie
489,can’ wait watch  
490,fuck she not special than the comics serious  the phoenix more powerful okey you dont understand stop 
491,from top tail perfection  
492,"when you try get know before they ready open you 
°
°
°
°
° "
493,birdwatching serious thing aka hard teaching men … 
494,release the cut and save this siblingship fandom please  
495,jennifer lawrence her final day filming content with the knowledge that she never have put blue make ever again 
496,★★★ review 
497,people who don’ accept what they are and try something else their personal gain @ john kennedy… 
498,check out our new post men dark phoenix one favourite film series all time read more men dark phoenix 
499,this pisses off fan cosmic phoenix skrulls space battles don mind all going mcu disney this allows for comic book like crossovers could have left alone for stronger finish men name outdated thanks 
500,watching every interviews and bits video can with the men dark phoenix cast and crying because miss them already 
501,looking for some weekend reading 
502,finally gonna see tonight absolutely cannot wait just gotta push through this day work
503,’ delighted announce cinefex 165 now available for ipad 
504,disney going ruin the marvel franchise they are making connections where there are none and neglecting those that should 
505,finally gave and watched was terrible 
506,watched dark phoenix and liked didn’ expect the end tbh how can she dead and alive last stand and confused but was fun really enjoyed 
507,"reviews
"
508,check out please like subscribe and retweet 
509,week review 
510,where download dark phoenix full movie 2019 
511, new podcast what was wrong with dark phoenix 
512,don afraid love  jrob 
513,where download dark phoenix full movie 2019 
514,here the new super woman trailer  jrob 
515,coming very soon super woman  jrob 
516,here more super man  jrob 
517,2019 movie date with him  
518,tgif boogie night round and round  jrob 
519,only person ever allowed talk during movie the cutest little girl who sat her mom’ lap and talked jean gray the screen for whole minutes with hand motions conversational skills  
520,coming very soon super woman  jrob 
521,there goes super man  jrob 
522,like men 
523,just watched ’all kept asking battles then who will win would say ‍♂️ too much powerful ’all pick others then would suggest ’all get some counseling session 
524,’ brand new episode the marvelists talk about listen wherever you can download podcasts 
525,and you just show how bigot you troll you are oppressing fellow humans with down syndrome all because say the fact that the better than mcu look how this 
526,wip uncanny men 100 cover recreation originally dave cockrum … 
527,does jean actually shit cause she ain doing shit well she not doing enough 
528,just spent evening times square 
529,nah ’ definitely obsessed with jean grey 
530,"getting best ✨
✨
✨ … "
531,finally watched well wasn too bad actually 
532,and here are this week trades and graphic novels 
533,makes the titular character interesting and uses her help see other characters different light and divide the men this not the big fancy wrap movie you expect after apocalypse but glad was grim and focused was enjoyed 
534,hope you like finished drawing jennifer lawrence  
535,wowwwwww can’ believe haven’ seen and yet 
536,check out this weeks episode featuring pro wrestler ‍♀️ review and reminiscing the classic podvast available itunes apple podcasts mixcloud google play castbox blubrry and 
537,the movie great with your music ❤️   
538,raven deserved better can watch this scene again without crying 
539,besides having move due couple getting hot and heavy watched for second time just make sure wasn hallucinating defend and have say its good film holds pretty well after second viewing idk wtf the critics saw 
540,the whole time watching was like why does this feel like christopher nolan’ men then turns out hans zimmer did the awesome score figure men theme though 
541,playing catch how about check the men last stand theaters with not bad the critics have made out but make sure you expecting funeral because this here tragedy 
542,fassy when they talk about sizes ͠≖ ͜͠≖ gifs demonlady 
543,the past hours have posted four new reviews and check them out now something cinematic 
544,here episode comparing with enjoy 
545,episode almost here this month comparing the first film with the latest talking about all the films between 
546,was amazing 
547,finally got round seeing and all fears after hearing everybody else were confirmed wish they been wrong but the writing editing score and was hans zimmer were all just wrong didn even feel like movie until the penultimate battle 
548,despite confusing timeline actually really loved this movie 
549,etc 2019 gold 
550,coming soon super woman  jrob 
551,coming soon super woman  jrob 
552,here comes that super man  jrob 
553,just watched impulse and lacking options friend reserved the wrong cinema gotta say was neat good see developed characters unlike the cheesy whatsit mostly okay action little slow get and its not wahmen 
554,new his softest look during the promo  
555,hey storm could you make stop raining and hailing florida please 
556, watching right now 
557,deserves stay buried beneath its own ashes 
558,dark phoenix 2019 read movie reviews link 
559,really not understand all the harsh criticism thoroughly enjoyed and was fantastic great end one favourite franchises 
560,the best villain ever maybe humanity  
561,soaked today liked lot not sure why ’ getting all the flack that ’ gotten ‍♂️
562,think reached peak magneto this one  
563,dark phoenix grossed thursday day total stands 88m 
564,wasn’ bad and was actually pretty good don’ get why flopped that hard
565,was great romp the universe but for the final movie was disappointing can help but notice these movies always always make xavier the bad guy why loved but still was not crazy about the way ended probably better wait stream 
566, new podcast controversial father’ day you 
567,have admit took some time see course will never favorite among jen movies but was much better than critics told the people was really deserved better and jen was superb her about minutes 
568,aww already gone from usual cinema 
569,what and the movie have common film video production grad miguel branco edited the film’ trailer  check out 
570,five word review the last stand was better 
571,new that was beautiful james every time fassy sings and fassy nodding when heard about james eyes ❤️ src 头条姬 
572,looked angelic all white thoughts 
573,true better than and jean grey way better anti hero than also jean grey exhibits more genuine girl power persona than overrated carol danvers fake female 
574,here some tea from one you btt viewer who works movie theater told management got email remove posters not discuss customers longer sure will released told you all along way releasing 
575,know supposed the last movie but shouldn’ there are gaps the timeline 
576,just read the latest buzz about tragic outing pulled from american cinemas just three weeks what depressing way for out 
577,the rules for the will announced today slip over hit with follow you can figure out how get those entries little birdie told you might able get extra entries gasp have funkofriday 
578,rate this beautiful movie poster out ten  
579,ways destroyed its own 
580,love that emoji lyrics 
581,spoilers survive end events appear the end new alternated timeline after changed the events timeline can see that she alive 2019 new timeline 
582,dark phoenix greg land 
583,after having night think over and really take gonna definitely say 
584,that moment when you got the fking men poster signed the cast ❌ 
585,best version 
586,cover trash 
587,lots sequels childhood nostalgia currently theatres next week 
588,but probably going the movies today  
589,101 live for patrons are recapping and analyzing before diving head first into fox latest and last entry into the men universe 
590,while still better telling the classic tale than the last stand jean’ descent into the personification cosmic destruction once more proves too much for the fox creative team properly handle learning from past mistakes too much ask apparently 
591,because you demanded blue team and gold team corner box get here 
592,you know your latest men movie sucks when shows your local movie theatre less than weeks after theatrical release 
593,just saw the new movie and just and look and talk alike  what say you 
594,the men try joining the mcu 
595,woke 528 when hit 600 drop really stupid dumb video tipsy ranting about cause that movie sucks lol love having these goals get never even thought hit 500 subs cool 
596,the soundtrack the best soundtrack ive heard especially gap that track slaps with them horn harmonies then the strings that good tremolo shit  its basic writing technique and music theory but its cute
597,new got for being mentioned the episode agree with 
598,just saw that jawn was  
599,all did was make hate jean’ character more than already did 
600,the movie was good 
601,since when did phoenix and cyclops have thing for each other 
602,did the film didn’ well 
603,will whatever takes end this war eriklehnsherr talk mystica ❤️ 
604,congratulations nicholas will try see this movie  have seen this trailer times day  
605,today the day 
606,finally saw and gotta say wasn’ that bad actually kind enjoyed 
607,retweet spiderman anytime get back you dance end video  jrob 
608,check out 1998 sabretooth desktop mini standee wolverine fight tickets marvel comics comics wolverine 
609,think looks great but then enjoyed watching and what know this movie will probably prove the next every critic hates hit the year 
610,coming soon super woman stay tuned  jrob 
611,quite super man  jrob 
612,would have worked better with returning psylocke she still with magneto and gives needed exposition 
613,flash versus quicksilver 
614,hey watch 
615,big plot hole when wolverine wakes the future after days future past jean alive soooo what 
616,the ost good hans zimmer rules 
617,the halfway point liking where hoping not change things too much when adding warmer colors and both liked 
618,not sure why some people are talking shit about thought was amazing movie was phenomenal never thought able see her anyone else but was wrong she killed looked fabulous doing 
619,dark phoenix aka bad day jean grey 
620,just saw ’ good queen 
621,going see the late show gonna need some energy make espresso time 
622,have say really wanted like but was really disappointing will not adding this one too movie collection 
623,new episodes the warpod podcast available now 120 and 121 were just uploaded for your listening pleasure get into ton stuff these episodes and much more 
624,"you cast out now you come here kill suit wig evahairofficial
 editing ashleejcosplayphotography "
625,well well this the first time you both have the same dream scott logan did you forget can see your thoughts photography boo alyssarking … 
626,anyone else not hate 
627,brazy that already out theatres ‍♂️ 1st men ain’ see there feel like they were gonna let down
628,just saw pretty much felt like this cannot wait for this movie from ’all 
629,old friend mine drew this your opinion matters what you think 
630,been almost week and still bothered this spoiler charles and eric meet café les vieux copains which the corner rue paix and play friendly game chess they meet the old friends café peace street fucking christ 
631,day2 bright 
632,fatal getaway has far more action than and 
633,theaters everywhere don’ forget grab six pack space camper cosmic ipa with limited edition dark phoenix packaging find showtimes now 
634,about see can wait ☺
635,always the best 
636,friend mine drew this what you think 
637,hope least works material for 
638,fan the films the wake the poprika hosts sit down and discuss films and their impact comic book movies genre 
639,check out our new post men dark phoenix one favourite film series all time read more men dark phoenix 
640,from discover google 
641,had great day with went grab sushi the eaton centre chapters played few arcade games and finishing the day off watching thanks for taking time off hang out alex  
642,listen review for gush about two favorite characters quicksilver nightcrawler and the future the beloved men characters 
643,review for try get look 
644,posters don get much more epic than this  
645,after had its fate sealed long before its release ’ glad say this return franchise look forward seeing 
646,multiple movie reviews coming today first for goodie and johnnymo enjoy 
647,about see @ odeon kingston 
648,the kinda did the idea better than the movie 
649,from because love him and deserves more love 
650,after watching immediately went watch video and the entire time was gesturing the screen was actually talking her like 
651,the men previews exclusive mini egg attack figure from available july 3rd your local comic shop 
652,nah jean should’ been avenger  
653,icymi mutant blitz podcast episode check out 
654,good evening twitter dark phoenix shit movie very glad bootlegged would have felt really bad had spent hard earned cash thanks for listening 
655,dark phoenix justin dan jenny 
656,there more than just although comes back that lot 
657,might literally the best the recent men franchise 
658,here trailer for the new super woman video  jrob 
659,listen there film you want see fuck rotten tomatoes see anyway saw three times and now fave xmen film 
660,here comes the super man  jrob 
661,just saw and omg was good the score cinematography cgi acting and plot can recommend this movie enough especially you fan the men films fitting end this series 
662,don’ believe the hype was actually really good your men fan you’ enjoy 
663,listen our podcast review dark phoenix well our definitive rankings all men movies 
664,watched before they pulled from most theaters why did they because was bad listen our review and find out 
665,mystique speech about not risking mutants save few lousy filthy astronauts finally confirms theory that the movies are the same universe the upright citizens brigade show 
666,dark phoenix grossed wednesday day total stands 53m 
667,time watch 
668,finished the fox franchise with bitter taste the mouth sad but this was all result many mistakes and lack seriousness with the franchise 
669,cute  gif demonlady 
670,this the last day area and the theatre has more people now than opening weekend 
671,how was this bad again 
672,previously xmen for sure also like ‘wolverine the xmen’ version both these are the closest ’ can’ tell saga one movie but was what was nice send off from fox looking fwd marvel’ 
673,watch dark phoenix movie stream 
674,you never get see 
675,let see how 
676,hands down not even question ask sophie turner she young was intense her role yeah far from but uneducated haters will still use the line found hate blogs remake ignorance real 
677,was good ❤️
678,podcast cinema geekly podcast – episode 186 
679,which film did you enjoy the most the film series 
680,how many times have you watched 
681,"men dark phoenix 2019 cast crew
dark phoenix 2019 watch "
682,enjoyed the immensely and feel the criticism extreme 
683,getting closer and closer and dark phoenix couture costume almost complete clip for sash made today from etsy 
684,love this man 
685,season here join colin and andrew they discuss the newest entry the men film franchise dark phoenix enjoy rate review and subscribe 
686,got good amount movies all lol though heard wasn great still gonna take lol 
687,well was bland way end franchise 
688,did anyone even notice another one masterpieces 
689,time for with buddy ❌
690,well guess doesn matter too much considering has broken the box office record set and  also whoever voted for good for you 
691,just saw ⁠ ⁠and idk expectations were just that low but loved the story arc was perfect for why love jean grey her struggle with trauma and her emotions really struck chord for someone who went through dark years living with bpd 
692,watch 123movies uhd dark phoenix 2019 full free download 720p watch and stream here ☞☞☞ ☜☜☜ download here ☞☞☞ ☜☜☜ 
693,you love good tune hear the latest and much more 
694,download avengers endgame movie full 720p 1080p watch download uhd 
695,photographed for japan magazine july 2019 issue perfect 
696,scifi diner podcast 366 stranger things season matrix the batman casting and phoenix crashes and burns 
697,scifi diner podcast 366 stranger things season matrix the batman casting and phoenix crashes and burns 
698,scifi diner podcast 366 stranger things season matrix the batman casting and phoenix crashes and burns 
699,"
mystique mistake "
700,really gonna need ’all get the casting for storm right should have always been angela bassett over halle berry and the new actress they casted not right either storm literally kenyan read the comics and cast her properly 
701,today’ podcast and discuss what makes box office bomb how some franchises avoid fatigue and why pirates had budget million 
702,today’ podcast and discuss what makes box office bomb how some franchises avoid fatigue and why pirates had budget million 
703,lovvvee this new quicksilver figure the smirk  hasbro knows where get that quicksilver attitude 
704,really wish would’ said disney before leaving forget about captain marvel stick the original ending
705,’ hoping get ultimate edition with scene quicksilver hanging out with his father twin family there’ knock the door ’ polaris who tracked them down 
706,watching like dating that manic pixie dream girl everyone told not date you wish what they said aren true but true 
707,absolutely loved you can’ judge movie rotten tomatoes anymore 
708,say what you will about but watching jean grey magneto and storm fly with much ease and grace gave goosebumps
709,which movie makes you feel more hyped which are you more excited see next year 
710,there going sequel should really off scott summers except for this character has been understated the movie opinion went through lot losing his brother havoc and then jean could another drama like movie 
711,loved showcased jeans power perfectly finally get film explaining what exactly happened jean rather than skipping over and also showed how powerful the connection was between scott summers and jean grey was well 
712,for 
713,week standings click link bio full numbers 
714,recently acquired this relic for about dollars pity just out volumes 
715,recently watched dark phoenix and thought was simply epic highly recommend  
716,here the new super woman trailer  jrob 
717,there goes super man  jrob 
718,"one told about mystique love jessica chastain
’ good see everyone but where’ sansa was amazing but expected more "
719,you guys remember there was cerebro intro 
720,won you mine  jrob 
721,just finished and more confused than ever 
722,starring fozzy bear kermit frog 
723,kindly your full name contact number and posting address please also indicate the winner contest your stay tuned for more exciting contests and promotions 
724,congratulations the winners contest  
725,she has become the destroyer the chaos the ravager worlds she 
726,the movies ranked from best worst hate wolverine haven seen his movies dofp good men tie first class fell asleep the first times watched tie the last stand could been something better apocalypse just trash 
727,she has become the destroyer the chaos the ravager worlds she … 
728,saw today think ’ favorite men movie 
729,"
fuck the critics this movie was awesome see this was much better than the crap singer directing the and news sagas "
730,who went too far best 
731,where did you put expected hit the rock bottom your list 
732,talking about that red headed woman  jrob 
733,when lose control bad things happen but feels good 
734,looking hairstyle and the pathetic look its safe say that shall bigger box office bomb that 
735,despite flaws ’ grown ♥️ love how finally most the world look mutants the men all this becomes shattered when jean goes “bad” the end even though the world could distrust hate the mutants again they didn’ turn away from saving her 
736,here new super woman trailer  jrob 
737,with baby bro 
738,and here super man  jrob 
739,here sneak peek into new super woman trailer  jrob 
740,thor’ official name avengers endgame “bro thor” 
741,dark phoenix painting dark phoenix sketch 
742,watched and she said “ emotions make stronger ” then she exploded was like that’ why you don’ mess with chicks that are 
743,here with the men heads design 
744,eyeshadow and brushes concealer filter concealer blush setting spray slay all day cucumber glitter midnight cowboy 
745,incredible thanks mainly one amazing woman 
746,men montevideo 
747,while finishing next review this one will blow some socks off trust views away from 200 newest those who enjoyed want new perspective please watch retweet subscribe comment what you think 
748,"stream dark phoenix 2019 videos
trailers reviews "
749,the others would follows that have seen theatres new this year was disappointment and just placed the bottom not even top list for 
750,the best thing about that they kill 
751,real didn’ hate and wouldn’ say was bad ’ seen bad movies ’ what expected there final film better mcu took men over mean why try someone taking over from you one thing will say after watching “apocalypse” recently 
752,like listen the soundtrack and pretend ’ men movie  
753,was frustrating but the type film don regret seeing the big screen sophie turner the 1st act and solid visuals help make the experience bearable fair somewhat boring dull experience but not the irredeamable mess you may expect 
754,dark night 
755,isn’ bad but ’ not good either there’ some cool things but nothing mindblowing ’ intrigued the effect logan had the movie but needs some refining you’ curious one day put the background while you something else 
756,overall odg doesn think that was really that bad was just bad ending the franchise 
757,massively behind but leading decided watch all the men again omg amazing and beautiful men apocalypse and can’ wait watch special mention who’ always beautiful 
758,men the last stand men origins wolverine jean grey goes bad and love 
759,talked all that mess and still haven’ gone see are over films just the men 
760,this theater pretty sweet 
761,this episode was better then the entirety 
762,review finally here for you via 
763,have mentioned how terrible 2019 has been for live action ending does not deserve this and deserved better deserved more 
764,the only reason went see tbh ‍♀️ 
765,fucking hated ratner changing subject glad came top jean got allll the room she needed tell her story loved they used the new dofp timelime and that cool although not staying truthfull 100 
766,tuesday box office previews 
767,rating the movies seen 2019 the cinema 
768,watched 
769,the movie should gotten ☹ 
770,absolutely wrecked emotionally 
771,anniversary and cocktails then 
772,dazzled 
773,emotions make strong 
774,some people eat according their dress dress for what ’ gnna eat lots popcorn 
775,wonder how better would’ been with ’ original ending would have served the original saga and comics justice 
776,boy almost finished with special director post really excited about and can wait share with you july 8th any are curious here another hint 
777,watching and satisfied good flick 
778,glad saw the theater really enjoyed solid comic book movie satisfying end that era men films 
779,coming soon super woman  jrob 
780,like super man  jrob 
781,"“god spare the child…”
 uncanny men vol 129
 january 1980
 john byrne terry austin john costanza
—
the dark phoenix saga begins…
➡️— for more ️⃣— … "
782,new snapback revealed now  free giveaway facebook  emaax catch your style  〈    〉 
783,new the show crew featuring review 
784,berlin may 2019 photos splendid stolen from the archive black white  
785,dark phoenix grossed tuesday day total stands 16m 
786,lineup far feel free give any thoughts 
787,why can everybody better than the actual men movies 
788,there always speech but nobody cares anymore mins later hears speech and convinced fight for woman wanted kill 10mins ago god what the fuck wrong with the writing 
789,mostly don’ feel like the script actual dialogue was enough give any actual investment the characters last stand may have been shit but least meant something when wolverine kills jean because jackman mostly but actual dev between movies 
790,but mostly shouldn’ have been dark phoenix story the real arc between first class and now between xavier erik why not balls out lit fig with reimagined onslaught kind thing all for lady power but sad about half baked phoenix 
791,finally saw dark phoenix while don’ think its horrible much seems wasted firstly why would dark phoenix movie ever have have similarities cap marvel you have crystals shi’ hellfire club many other options why shapeshifting invaders 
792,screen august issue the japanese version with new content and accompanying booklets src fassbender for  
793,watch dark phoenix full series streaming 
794,wanted try see tonight but brother said wanted see too have wait watch then was gonna try see but theater isn’ showing anymore what the hell 
795,new madonna jonathan carr 
796,new madonna jonathan carr 
797,new madonna jonathan carr 
798,not bad all has its flaws just like every other movie but just because couldn live upto lot people expectation considered underwhelming but you watch this movie with open mind you will enjoy 
799,played around with those pic motion apps felt cute might destroy star later  
800,was that bad geezzzzz
801,new pictures and their special booklet with the new issue screen magazine japan see all the pictures here 
802,mystique 
803,listen here please like subscribe and retweet 
804,just one game for old times sake easy you you won they happy this scene 
805,wonder got bad review still enjoyable but the plot not good also lack chemistry between scott and jean one thing for sure dark phoenix better than apocaplyse score 
806,magneto really turned the people inside that train carriage into shawarma rude 
807,good work 20th credits 9gag 
808,first second 
809,daily gratitude  someone said yes someone said maybe someone finally watched dark phoenix and was loooooong 
810,you know what the return the the crew reviews talk about how much love everything fox simon kinberg have done with this classic story again what could wrong 
811,would have been bigger hit sophie turner jean grey looked like this 
812,dark phoenix already getting yanked from half its theaters 3rd week 
813,get under the skin with cinefex 165 out now 
814,wolverine versus hellfire club 
815,movies   gross worldwide 749b 
816,"because who needs sunlight 
•
•
•
• … "
817,your going wake angeldust you better have coffee share dark phoenix silvanmooncosplay photographer lisklarry … 
818,bit damp squid ending men movies which mostly liked screw the haters but should left with the incredible 
819,real talk why did they even put out fan disappointed
820,review dark phoenix this new episode 
821,this summer’ blockbuster flops have one significant thing common 
822,seems back full force with companies like making consoles and accessories listen talk about retro gaming 
823,’ seeing tonight will disappointed will love will leave saying “well that was movie ”
824,was absolutely amazing don’ get everyone’ beef ‍♀️ sophie turner killed 
825,"
why are the mongoose and snake natural enemies "
826,was good  not amazing but not terrible did great job also solo movie for storm plz ’ what she deserves 
827,great piece the that went into including work the talented team 
828,your daily reminder you ruined the and that ’ probably never get story again cause your stupidity 
829,didn’ dark phoenix finished filming all this before cap marvel disney copy fox 
830,amazing actress from who look amazing this dark phoenix sophie turner coat 
831,things have gone from bad apocalyptic for 
832," said yes  beautiful cherik paris ✨
can get enough this scene from christian shared ✨ the paris wedding ✨ "
833,goes 
834,believe the “ women” line was little bit too much maybe just sound like desperate idk 
835,where did you last night 
836,"met the charity goal raising the bar that means are good for has been kind enough supply with awesome which has been graded the vvgs
giveaway date tbd trying coordinate with covetly "
837,just don watch sleep something instead 
838,mixed feelings about the new men movie but still wonderful performance from and the rest the cast 
839,todays activity something weird cinemas  
840,saw which was better than thought uneven for sure but has some very strong scenes well liked 
841,just case you were like our recent episode and were unaware the notorious extra 
842,could have had gotten great movie unless wouldn have given someone who hasn been experienced with directing before 
843,you’ have naive think and disney didn’ have something with leaving theatres soon and not reaching theatres all
844,‘ men’ stars michael fassbender and james mcavoy talk bromance details magazine may 2014 ❤️ 
845,now hold sec bij erik never found out that peter his son talk abt shitness the highest order 
846,saw tonight was pretty good didn see that those death coming 
847,listen anytime get back you  jrob 
848,she was such red headed woman  jrob 
849,from distant world super man  jrob 
850,good wednesday wonderful close fassy the june 2019 life  photo axelle bauer griffin filmmagic 
851,check out our new post men dark phoenix one favourite film series all time read more men dark phoenix 
852,finally saw darkphoenixmovie2019 tonight ♊️ @ studio movie grill 
853,really really liked 
854,"you’ wrong emotions make strong suit wig evahairofficial
 editing ashleejcosplayphotography "
855,watched xmen and wasnt bad give out the reviews online were bad dont listen the reviews line
856,well was not great but made laugh
857,exact way better than avenger endgame breathes new fresh air into the world marvel sophie turner dark phoenix was breathtaking and inspiring 
858,magneto pure life see the new chinese poster for dark phoenix 
859,the best have seen far way better than avenger enggame shame people not appreciate this marvellous movie 
860,btw saw and genuinely enjoyed the acting was great the visual effects where amazing and the climax the train was hands down the best fight scene out the rebooted timeline 
861,’ all just gonna forget that magneto quicksilver’ dad because sure hell did
862,new episode dropped featuring interview with also review and reminisce about itunes apple podcasts castbox blubrry 
863,dark pheonix was even better than avengers endgame 
864,check out some hot new toy and statue releases tomorrow for @ redd skull comics — redd skull comics 
865,going miss the fox men franchise was uniquely special grateful have had just the way was apocalypse and the were critically smashed but they were excellent and damn happy have them 
866,just watched and man fuck the critics and their disney propaganda machine see this movie before the powers that take from the theater 
867,anyways was hard enough tweeting this thank you for helping now everyone who hasn’ seen watch 
868,soft 
869,was super wack and ’ pissed how they messed with the story and timeline
870,just saw was good shit 10would watch again 
871,week the movies june 2019 with movies 4th time 5th times twice twice 
872,episode 133 the end era 
873,caught the bargain show the great thing about films with tomatometer there good chance better than expected and was lot better 
874,heading now 
875,just educators catching flick how are you enjoying summer break @ marcus renaissance cinema 
876,"what the phoenix force inhabited steve rogers the battlefield against thanos   ericphotonow
edit … "
877,wanna know what happened sansa after game thrones ended check out love you 
878,too bad that sophie did well game thrones and everybody loves her character and then she does men dark phoenix and everybody gives horrible criticisms and says she acted like child hmmmm
879,was far the most disappointing movie ever made that not how you end series thanks for the giant heap you served men fans 
880,let get this straight they killed off jeans parents ‍♂️ annoyed already
881,going have entire cinema myself tomorrow seeing before leaves forever 
882,finally saw and was just great imagined jean will forever the goat 
883,nooooo from for 
884,taking break from drama share the one thing that love all that can never seem get right  
885,you just know that they’ rooting for ’ failure here’ the thing helping the film bomb they’ shown marvel that the men aren’ wanted now the called real marvel fans will lucky see wolverine alone the mcu now nevermind all the men 
886,movie night  @ cinemark tulsa 
887,"what the phoenix force inhabited steve rogers the battlefield against thanos   ericphotonow
edit … "
888,keep control your business even grows seemingly beyond your wildest dreams 
889,you think you can fix too coz you are not broken 
890,yesung perfect boy  
891,was big fat oof might good you name you villain the species they are explain why they want eliminate the human race 
892,saw earlier and thought was 
893,vote for for from 
894,thank you and everyone involved what key storyline explore done with more focus character than violence action this film effectively brought the franchise close and did not deserve the horrific reviews received 
895,finally had the time watch was amazing loved ❤ the action sequences were incredible would definitely see again 
896,glad catch before not theaters anymore had different theater for this one … 
897,all men stans was great ☄️
898,saw today was rather nervous after quite bad reviews ’ say this without giving away any spoilers thought was brilliant however things would have done differantly 
899,overall odg doesn think that was really that bad was just bad ending the franchise 
900,cool like this kinberg will kidding didn affect his character anyway 
901,already being pulled from theaters 
902,lame ending chapter 
903,going see for the 3rd time tonight because gay and love gay culture finally finished the last this series been much fun  
904,solid grade and great afternoon movie yes eating out and movies are summer joy 
905,“what they don’ understand they fear what they fear they seek destroy” sophiieee you’ queeeeeen 
906,’ only appropriate the first movie see our cinema men proper send off what could the last time for michael and james professor and magneto  
907,“what they don’ understand they fear what they fear they seek destroy” sophiieee you’ queeeeeen 
908,twenty year saga comes close 
909,men was 
910,how many times have you watched twice 
911,don care about bloggers went seeing twice and once tired their hateful ways 
912, refuses see the new men film find out why the latest episode watch here 
913,does not deserve this 
914,finally managed watch last night don get all the criticism thought was thoroughly enjoyable 
915,have you entered our competition yet you could win this awesome merch but hurry closes soon get involved now 
916,trying stay awake  energy just not there today and think know why seeing the movie soon though  
917,baffles that the films take claremont stories and ignore the things his best work known for but even moreso after the positive responses and box office takings and had hope get better take the future 
918,and read much age apocalypse and still can believe what bloated irritating film that was when saw the trailer presenting another film mostly about men with jean the mcguffin passed seeing 
919,the second episode superfan for all seasons talks film journalist about her love all things men the animated series the last stand and course the divisive ’ now  
920,has gotten mixed reviews were you impressed disappointed either way watch based show with crazy and amazing powers display watch for 
